antenne_id,date,latence_ms,taux_erreur_%,debit_mbps,temperature_eqÂ°C,etat
A001,2025-11-01 00:00:00,57.45,0.76,96.48,42.62,normal
A001,2025-11-01 01:00:00,54.19,1.1,84.19,32.37,normal
A001,2025-11-01 02:00:00,53.63,0.23,72.75,32.19,normal
A001,2025-11-01 03:00:00,43.58,0.58,82.97,24.3,normal
A001,2025-11-01 04:00:00,51.01,0.37,84.56,35.55,normal
A001,2025-11-01 05:00:00,41.0,1.08,92.91,31.82,normal
A001,2025-11-01 06:00:00,49.8,0.48,98.23,28.9,normal
A001,2025-11-01 07:00:00,91.67,1.16,92.19,39.41,normal
A001,2025-11-01 08:00:00,48.27,0.71,75.21,31.4,normal
A001,2025-11-01 09:00:00,29.8,0.54,78.69,35.67,normal
A001,2025-11-01 10:00:00,39.85,0.98,100.31,39.66,normal
A001,2025-11-01 11:00:00,122.95,2.44,36.85,65.56,anomalie
A001,2025-11-01 12:00:00,48.92,1.1,93.62,31.77,normal
A001,2025-11-01 13:00:00,72.43,0.9,123.72,30.4,normal
A001,2025-11-01 14:00:00,51.31,0.71,90.92,25.06,normal
A001,2025-11-01 15:00:00,108.3,1.22,46.96,65.98,anomalie
A001,2025-11-01 16:00:00,63.73,0.9,84.7,37.57,normal
A001,2025-11-01 17:00:00,70.58,0.85,86.91,38.37,normal
A001,2025-11-01 18:00:00,133.3,1.53,26.85,49.37,anomalie
A001,2025-11-01 19:00:00,56.79,0.75,92.15,24.89,normal
A001,2025-11-01 20:00:00,53.86,0.78,70.81,34.87,normal
A001,2025-11-01 21:00:00,51.54,0.67,83.41,35.02,normal
A001,2025-11-01 22:00:00,47.11,0.89,89.65,29.16,normal
A001,2025-11-01 23:00:00,61.51,0.46,82.25,38.87,normal
A001,2025-11-02 00:00:00,260.77,1.5,26.33,60.67,anomalie
A001,2025-11-02 01:00:00,75.6,1.06,90.09,33.17,normal
A001,2025-11-02 02:00:00,34.07,0.94,80.81,42.75,normal
A001,2025-11-02 03:00:00,44.18,0.53,86.43,37.78,normal
A001,2025-11-02 04:00:00,202.67,6.8,33.51,52.79,anomalie
A001,2025-11-02 05:00:00,161.45,3.07,42.56,53.6,anomalie
A001,2025-11-02 06:00:00,54.4,0.59,108.66,37.37,normal
A001,2025-11-02 07:00:00,61.02,0.51,82.49,29.35,normal
A001,2025-11-02 08:00:00,176.3,3.51,29.23,79.47,anomalie
A001,2025-11-02 09:00:00,63.18,0.73,102.09,37.69,normal
A001,2025-11-02 10:00:00,46.03,1.62,96.26,30.71,normal
A001,2025-11-02 11:00:00,50.63,0.76,88.76,38.7,normal
A001,2025-11-02 12:00:00,37.3,0.35,85.53,39.28,normal
A001,2025-11-02 13:00:00,195.91,4.94,24.66,68.31,anomalie
A001,2025-11-02 14:00:00,55.37,0.97,100.83,40.27,normal
A001,2025-11-02 15:00:00,63.58,0.62,93.04,36.29,normal
A001,2025-11-02 16:00:00,57.73,1.96,95.71,40.68,normal
A001,2025-11-02 17:00:00,168.83,2.65,30.31,43.21,anomalie
A001,2025-11-02 18:00:00,60.29,0.32,85.28,40.44,normal
A001,2025-11-02 19:00:00,154.4,3.85,39.75,46.37,anomalie
A001,2025-11-02 20:00:00,19.62,0.86,83.38,39.26,normal
A001,2025-11-02 21:00:00,38.42,1.3,86.66,33.41,normal
A001,2025-11-02 22:00:00,76.48,0.92,77.39,39.59,normal
A001,2025-11-02 23:00:00,55.66,1.3,76.73,44.22,normal
A001,2025-11-03 00:00:00,69.0,0.59,94.44,38.87,normal
A001,2025-11-03 01:00:00,49.71,0.52,77.05,34.47,normal
A001,2025-11-03 02:00:00,74.49,0.37,85.6,35.65,normal
A001,2025-11-03 03:00:00,50.88,1.5,94.05,39.55,normal
A001,2025-11-03 04:00:00,52.99,0.62,90.7,33.07,normal
A001,2025-11-03 05:00:00,21.54,1.18,83.85,45.56,normal
A001,2025-11-03 06:00:00,125.89,5.4,19.43,54.44,anomalie
A001,2025-11-03 07:00:00,40.67,0.69,99.52,42.26,normal
A001,2025-11-03 08:00:00,62.19,0.99,81.71,32.2,normal
A001,2025-11-03 09:00:00,23.18,0.43,83.31,40.81,normal
A001,2025-11-03 10:00:00,46.73,1.13,98.25,39.07,normal
A001,2025-11-03 11:00:00,50.18,1.08,84.77,39.75,normal
A001,2025-11-03 12:00:00,54.86,0.76,90.97,37.98,normal
A001,2025-11-03 13:00:00,23.12,0.67,102.05,29.02,normal
A001,2025-11-03 14:00:00,183.97,4.27,49.89,45.02,anomalie
A001,2025-11-03 15:00:00,59.21,1.21,85.67,36.02,normal
A001,2025-11-03 16:00:00,42.93,0.87,75.52,27.96,normal
A001,2025-11-03 17:00:00,40.04,1.21,69.63,42.85,normal
A001,2025-11-03 18:00:00,111.24,1.67,41.29,56.14,anomalie
A001,2025-11-03 19:00:00,57.39,0.83,75.54,30.78,normal
A001,2025-11-03 20:00:00,53.36,0.8,90.98,31.13,normal
A001,2025-11-03 21:00:00,84.14,0.92,85.68,44.3,normal
A001,2025-11-03 22:00:00,63.08,0.86,111.9,30.96,normal
A001,2025-11-03 23:00:00,188.1,2.34,48.08,40.69,anomalie
A001,2025-11-04 00:00:00,64.26,0.63,81.02,37.46,normal
A001,2025-11-04 01:00:00,61.13,1.24,97.0,34.34,normal
A001,2025-11-04 02:00:00,67.69,0.66,72.87,41.77,normal
A001,2025-11-04 03:00:00,54.13,0.88,65.48,30.49,normal
A001,2025-11-04 04:00:00,50.08,0.81,85.5,38.11,normal
A001,2025-11-04 05:00:00,29.47,0.96,100.6,42.71,normal
A001,2025-11-04 06:00:00,54.98,0.58,105.51,35.58,normal
A001,2025-11-04 07:00:00,52.55,1.15,100.27,35.83,normal
A001,2025-11-04 08:00:00,59.68,1.21,80.35,38.43,normal
A001,2025-11-04 09:00:00,24.04,1.23,98.86,34.31,normal
A001,2025-11-04 10:00:00,72.54,0.82,106.29,28.1,normal
A001,2025-11-04 11:00:00,49.78,1.04,87.19,26.68,normal
A001,2025-11-04 12:00:00,42.87,2.62,20.07,52.51,anomalie
A001,2025-11-04 13:00:00,33.48,0.95,97.47,33.55,normal
A001,2025-11-04 14:00:00,35.21,0.95,84.7,31.04,normal
A001,2025-11-04 15:00:00,28.49,0.74,90.57,23.59,normal
A001,2025-11-04 16:00:00,39.5,0.86,88.88,33.9,normal
A001,2025-11-04 17:00:00,38.95,0.97,84.53,28.86,normal
A001,2025-11-04 18:00:00,68.31,6.22,59.41,52.52,anomalie
A001,2025-11-04 19:00:00,35.42,0.82,105.24,22.72,normal
A001,2025-11-04 20:00:00,38.65,0.37,83.53,29.59,normal
A001,2025-11-04 21:00:00,53.27,1.07,100.55,38.27,normal
A001,2025-11-04 22:00:00,51.16,0.54,105.23,37.69,normal
A001,2025-11-04 23:00:00,44.18,0.6,103.96,28.45,normal
A001,2025-11-05 00:00:00,29.02,0.97,83.49,32.56,normal
A001,2025-11-05 01:00:00,37.57,0.64,64.97,38.42,normal
A001,2025-11-05 02:00:00,46.42,0.53,84.23,38.78,normal
A001,2025-11-05 03:00:00,57.92,0.86,110.43,43.1,normal
A001,2025-11-05 04:00:00,40.06,0.97,82.37,25.98,normal
A001,2025-11-05 05:00:00,43.12,0.71,74.76,38.99,normal
A001,2025-11-05 06:00:00,49.01,0.44,83.48,35.24,normal
A001,2025-11-05 07:00:00,40.97,1.03,101.06,38.86,normal
A001,2025-11-05 08:00:00,12.93,0.56,95.77,33.98,normal
A001,2025-11-05 09:00:00,52.55,0.83,94.88,42.9,normal
A001,2025-11-05 10:00:00,55.06,0.68,85.12,32.84,normal
A001,2025-11-05 11:00:00,58.15,1.11,67.92,36.8,normal
A001,2025-11-05 12:00:00,68.02,0.68,69.62,29.96,normal
A001,2025-11-05 13:00:00,65.77,0.55,74.2,35.08,normal
A001,2025-11-05 14:00:00,62.44,0.14,92.36,38.85,normal
A001,2025-11-05 15:00:00,52.48,0.97,81.25,33.0,normal
A001,2025-11-05 16:00:00,59.49,1.48,91.82,36.24,normal
A001,2025-11-05 17:00:00,33.63,0.55,105.1,37.01,normal
A001,2025-11-05 18:00:00,65.56,0.65,87.3,30.11,normal
A001,2025-11-05 19:00:00,43.59,0.63,99.64,39.87,normal
A001,2025-11-05 20:00:00,56.2,1.36,82.26,28.78,normal
A001,2025-11-05 21:00:00,52.56,1.05,81.09,23.38,normal
A001,2025-11-05 22:00:00,202.94,2.68,48.77,58.76,anomalie
A001,2025-11-05 23:00:00,53.25,0.93,92.5,29.3,normal
A001,2025-11-06 00:00:00,73.9,0.65,80.1,34.37,normal
A001,2025-11-06 01:00:00,88.08,0.96,84.12,34.33,normal
A001,2025-11-06 02:00:00,34.82,0.3,98.23,35.37,normal
A001,2025-11-06 03:00:00,69.05,0.55,74.97,33.7,normal
A001,2025-11-06 04:00:00,46.31,0.72,63.03,34.73,normal
A001,2025-11-06 05:00:00,66.21,0.25,79.83,37.58,normal
A001,2025-11-06 06:00:00,160.88,1.7,64.72,49.51,anomalie
A001,2025-11-06 07:00:00,88.55,0.47,103.89,21.7,normal
A001,2025-11-06 08:00:00,68.69,0.18,86.57,33.14,normal
A001,2025-11-06 09:00:00,47.75,0.96,98.33,28.37,normal
A001,2025-11-06 10:00:00,141.4,6.38,26.39,47.74,anomalie
A001,2025-11-06 11:00:00,44.74,0.73,98.14,30.3,normal
A001,2025-11-06 12:00:00,44.59,1.15,79.19,38.08,normal
A001,2025-11-06 13:00:00,24.95,1.33,77.58,30.92,normal
A001,2025-11-06 14:00:00,26.65,0.98,77.2,43.77,normal
A001,2025-11-06 15:00:00,23.7,0.64,99.72,34.85,normal
A001,2025-11-06 16:00:00,44.55,0.78,93.08,26.45,normal
A001,2025-11-06 17:00:00,40.66,0.67,77.12,35.5,normal
A001,2025-11-06 18:00:00,52.94,0.51,94.08,26.49,normal
A001,2025-11-06 19:00:00,42.96,0.96,106.21,42.85,normal
A001,2025-11-06 20:00:00,22.39,0.42,83.75,35.13,normal
A001,2025-11-06 21:00:00,44.78,0.86,75.66,37.91,normal
A001,2025-11-06 22:00:00,36.15,0.39,80.24,40.27,normal
A001,2025-11-06 23:00:00,81.22,0.71,90.95,35.9,normal
A001,2025-11-07 00:00:00,41.37,0.84,115.6,34.52,normal
A001,2025-11-07 01:00:00,44.72,0.87,91.8,33.33,normal
A001,2025-11-07 02:00:00,40.6,1.34,97.08,32.19,normal
A001,2025-11-07 03:00:00,129.16,3.68,41.98,62.02,anomalie
A001,2025-11-07 04:00:00,52.67,0.4,93.8,38.05,normal
A001,2025-11-07 05:00:00,69.29,1.12,85.46,38.16,normal
A001,2025-11-07 06:00:00,56.44,0.86,92.72,28.62,normal
A001,2025-11-07 07:00:00,56.7,0.74,101.29,34.6,normal
A001,2025-11-07 08:00:00,64.07,0.65,90.96,32.69,normal
A001,2025-11-07 09:00:00,34.36,1.18,87.39,35.67,normal
A001,2025-11-07 10:00:00,71.7,0.86,100.32,27.57,normal
A001,2025-11-07 11:00:00,29.76,0.98,97.13,35.24,normal
A001,2025-11-07 12:00:00,42.24,1.22,112.99,33.19,normal
A001,2025-11-07 13:00:00,24.77,0.27,81.27,38.97,normal
A001,2025-11-07 14:00:00,60.73,3.13,29.67,46.5,anomalie
A001,2025-11-07 15:00:00,33.94,1.0,88.34,30.87,normal
A001,2025-11-07 16:00:00,49.26,1.0,78.77,36.91,normal
A001,2025-11-07 17:00:00,67.51,1.29,74.3,35.37,normal
A001,2025-11-07 18:00:00,160.1,3.58,47.76,73.6,anomalie
A001,2025-11-07 19:00:00,44.4,0.45,97.96,40.24,normal
A001,2025-11-07 20:00:00,41.72,0.99,92.03,27.42,normal
A001,2025-11-07 21:00:00,37.4,0.85,86.37,37.92,normal
A001,2025-11-07 22:00:00,152.92,3.71,29.35,74.86,anomalie
A001,2025-11-07 23:00:00,138.42,3.58,38.03,47.4,anomalie
A002,2025-11-01 00:00:00,42.66,1.11,96.82,44.23,normal
A002,2025-11-01 01:00:00,53.6,0.89,99.33,37.11,normal
A002,2025-11-01 02:00:00,62.31,0.95,100.67,40.85,normal
A002,2025-11-01 03:00:00,40.26,0.94,86.3,30.83,normal
A002,2025-11-01 04:00:00,142.94,3.31,53.49,66.89,anomalie
A002,2025-11-01 05:00:00,61.3,0.39,104.95,36.07,normal
A002,2025-11-01 06:00:00,53.74,1.27,89.05,36.4,normal
A002,2025-11-01 07:00:00,52.63,0.92,88.14,32.98,normal
A002,2025-11-01 08:00:00,194.62,3.49,59.9,45.86,anomalie
A002,2025-11-01 09:00:00,55.51,0.64,88.69,24.82,normal
A002,2025-11-01 10:00:00,41.67,1.36,75.52,24.01,normal
A002,2025-11-01 11:00:00,59.73,1.1,101.22,41.55,normal
A002,2025-11-01 12:00:00,59.75,0.77,108.47,29.65,normal
A002,2025-11-01 13:00:00,209.66,3.03,45.24,48.64,anomalie
A002,2025-11-01 14:00:00,55.14,0.94,95.7,37.24,normal
A002,2025-11-01 15:00:00,35.83,0.9,102.49,37.46,normal
A002,2025-11-01 16:00:00,126.1,5.1,46.5,40.52,anomalie
A002,2025-11-01 17:00:00,45.85,0.79,88.27,31.56,normal
A002,2025-11-01 18:00:00,26.24,1.03,97.86,37.13,normal
A002,2025-11-01 19:00:00,49.64,0.63,87.37,32.98,normal
A002,2025-11-01 20:00:00,49.95,0.45,105.03,39.39,normal
A002,2025-11-01 21:00:00,102.97,2.76,37.28,56.86,anomalie
A002,2025-11-01 22:00:00,160.44,3.07,43.32,65.56,anomalie
A002,2025-11-01 23:00:00,55.9,1.0,84.21,40.45,normal
A002,2025-11-02 00:00:00,69.76,0.86,110.75,31.55,normal
A002,2025-11-02 01:00:00,44.46,0.86,79.68,32.35,normal
A002,2025-11-02 02:00:00,49.63,1.44,107.28,37.18,normal
A002,2025-11-02 03:00:00,83.21,4.25,46.51,59.99,anomalie
A002,2025-11-02 04:00:00,42.75,1.27,77.74,27.68,normal
A002,2025-11-02 05:00:00,26.57,1.4,88.95,43.9,normal
A002,2025-11-02 06:00:00,47.41,1.07,96.52,27.12,normal
A002,2025-11-02 07:00:00,57.99,0.42,103.77,38.89,normal
A002,2025-11-02 08:00:00,57.41,0.88,84.5,31.64,normal
A002,2025-11-02 09:00:00,54.86,0.71,73.5,34.75,normal
A002,2025-11-02 10:00:00,61.58,-0.05,101.49,26.3,normal
A002,2025-11-02 11:00:00,55.61,0.77,98.07,28.77,normal
A002,2025-11-02 12:00:00,42.98,0.9,89.53,37.39,normal
A002,2025-11-02 13:00:00,18.57,0.88,87.41,41.17,normal
A002,2025-11-02 14:00:00,251.82,5.27,33.73,57.27,anomalie
A002,2025-11-02 15:00:00,55.44,1.19,86.97,36.9,normal
A002,2025-11-02 16:00:00,109.8,3.44,55.79,51.41,anomalie
A002,2025-11-02 17:00:00,41.17,0.8,91.39,37.26,normal
A002,2025-11-02 18:00:00,64.97,-0.07,110.88,34.3,normal
A002,2025-11-02 19:00:00,35.92,0.99,92.77,31.75,normal
A002,2025-11-02 20:00:00,47.14,0.87,98.7,37.48,normal
A002,2025-11-02 21:00:00,49.54,1.4,99.63,36.54,normal
A002,2025-11-02 22:00:00,66.58,1.16,96.39,29.28,normal
A002,2025-11-02 23:00:00,38.43,0.89,100.05,33.74,normal
A002,2025-11-03 00:00:00,74.21,0.94,87.56,39.82,normal
A002,2025-11-03 01:00:00,65.7,0.97,97.21,38.18,normal
A002,2025-11-03 02:00:00,47.75,0.84,88.27,35.08,normal
A002,2025-11-03 03:00:00,30.83,0.31,81.15,42.76,normal
A002,2025-11-03 04:00:00,40.42,0.4,106.42,40.05,normal
A002,2025-11-03 05:00:00,16.26,0.6,90.59,40.63,normal
A002,2025-11-03 06:00:00,29.16,0.31,100.23,47.2,normal
A002,2025-11-03 07:00:00,60.2,0.97,87.47,36.96,normal
A002,2025-11-03 08:00:00,38.69,0.72,73.07,34.51,normal
A002,2025-11-03 09:00:00,64.56,0.61,70.88,36.98,normal
A002,2025-11-03 10:00:00,35.16,1.08,80.18,33.88,normal
A002,2025-11-03 11:00:00,35.46,0.97,108.47,36.11,normal
A002,2025-11-03 12:00:00,26.11,0.93,89.8,37.76,normal
A002,2025-11-03 13:00:00,41.32,0.82,94.72,35.7,normal
A002,2025-11-03 14:00:00,50.73,0.81,82.98,31.69,normal
A002,2025-11-03 15:00:00,67.24,0.71,87.25,38.76,normal
A002,2025-11-03 16:00:00,39.22,1.07,87.05,41.24,normal
A002,2025-11-03 17:00:00,53.59,0.57,112.23,28.81,normal
A002,2025-11-03 18:00:00,195.42,4.46,36.91,48.64,anomalie
A002,2025-11-03 19:00:00,71.89,0.29,93.14,34.99,normal
A002,2025-11-03 20:00:00,37.94,1.29,106.78,32.23,normal
A002,2025-11-03 21:00:00,118.42,3.64,20.42,55.28,anomalie
A002,2025-11-03 22:00:00,144.97,1.6,37.58,54.2,anomalie
A002,2025-11-03 23:00:00,56.94,1.44,78.27,28.83,normal
A002,2025-11-04 00:00:00,75.09,0.93,82.95,34.72,normal
A002,2025-11-04 01:00:00,35.14,0.99,80.85,35.41,normal
A002,2025-11-04 02:00:00,38.97,1.17,100.91,38.05,normal
A002,2025-11-04 03:00:00,41.99,0.38,90.73,38.9,normal
A002,2025-11-04 04:00:00,84.79,0.92,91.92,33.45,normal
A002,2025-11-04 05:00:00,57.56,0.97,79.29,30.55,normal
A002,2025-11-04 06:00:00,22.46,0.95,78.97,24.24,normal
A002,2025-11-04 07:00:00,62.54,0.81,92.51,34.99,normal
A002,2025-11-04 08:00:00,51.23,0.77,99.19,33.55,normal
A002,2025-11-04 09:00:00,58.53,0.98,84.93,33.82,normal
A002,2025-11-04 10:00:00,58.05,0.53,90.28,34.95,normal
A002,2025-11-04 11:00:00,46.62,0.86,114.65,33.5,normal
A002,2025-11-04 12:00:00,50.16,0.41,79.35,33.47,normal
A002,2025-11-04 13:00:00,57.62,0.82,71.98,31.77,normal
A002,2025-11-04 14:00:00,35.91,0.76,77.9,38.0,normal
A002,2025-11-04 15:00:00,35.5,0.93,83.11,34.69,normal
A002,2025-11-04 16:00:00,52.23,0.7,83.87,33.49,normal
A002,2025-11-04 17:00:00,50.24,0.58,74.66,39.56,normal
A002,2025-11-04 18:00:00,11.69,1.08,76.33,33.88,normal
A002,2025-11-04 19:00:00,192.93,3.13,20.52,55.5,anomalie
A002,2025-11-04 20:00:00,103.78,5.44,39.16,63.92,anomalie
A002,2025-11-04 21:00:00,35.09,0.79,70.4,45.3,normal
A002,2025-11-04 22:00:00,49.59,0.52,85.57,30.58,normal
A002,2025-11-04 23:00:00,15.46,0.67,81.25,23.62,normal
A002,2025-11-05 00:00:00,39.96,1.11,83.94,44.13,normal
A002,2025-11-05 01:00:00,48.67,1.08,104.11,41.07,normal
A002,2025-11-05 02:00:00,69.53,1.27,90.32,31.23,normal
A002,2025-11-05 03:00:00,176.2,4.23,20.04,46.3,anomalie
A002,2025-11-05 04:00:00,29.79,0.51,102.0,31.72,normal
A002,2025-11-05 05:00:00,43.23,0.67,92.83,31.46,normal
A002,2025-11-05 06:00:00,64.94,0.57,75.78,42.51,normal
A002,2025-11-05 07:00:00,54.22,0.52,96.42,41.12,normal
A002,2025-11-05 08:00:00,40.35,1.08,90.57,36.34,normal
A002,2025-11-05 09:00:00,61.19,0.98,81.46,36.8,normal
A002,2025-11-05 10:00:00,34.33,0.21,110.56,29.48,normal
A002,2025-11-05 11:00:00,42.74,0.7,92.1,34.18,normal
A002,2025-11-05 12:00:00,62.91,0.63,88.33,36.41,normal
A002,2025-11-05 13:00:00,68.21,0.76,98.89,38.67,normal
A002,2025-11-05 14:00:00,52.72,0.41,94.0,31.74,normal
A002,2025-11-05 15:00:00,50.46,0.35,94.94,38.62,normal
A002,2025-11-05 16:00:00,53.61,1.58,95.66,26.2,normal
A002,2025-11-05 17:00:00,54.93,1.07,83.78,37.39,normal
A002,2025-11-05 18:00:00,46.86,0.54,84.19,37.94,normal
A002,2025-11-05 19:00:00,60.8,1.23,84.85,29.45,normal
A002,2025-11-05 20:00:00,47.99,0.8,82.15,38.24,normal
A002,2025-11-05 21:00:00,28.25,0.47,85.46,30.9,normal
A002,2025-11-05 22:00:00,75.9,0.68,92.25,39.66,normal
A002,2025-11-05 23:00:00,238.92,2.55,46.45,42.82,anomalie
A002,2025-11-06 00:00:00,73.13,1.4,110.62,41.04,normal
A002,2025-11-06 01:00:00,86.01,4.2,46.22,68.74,anomalie
A002,2025-11-06 02:00:00,51.33,1.24,78.58,34.03,normal
A002,2025-11-06 03:00:00,37.35,0.76,94.8,28.17,normal
A002,2025-11-06 04:00:00,34.64,1.36,102.21,37.91,normal
A002,2025-11-06 05:00:00,67.21,0.71,101.99,25.31,normal
A002,2025-11-06 06:00:00,42.67,0.46,91.41,26.16,normal
A002,2025-11-06 07:00:00,65.49,0.74,86.31,37.01,normal
A002,2025-11-06 08:00:00,32.45,-0.06,89.72,43.86,normal
A002,2025-11-06 09:00:00,63.5,1.03,93.55,29.51,normal
A002,2025-11-06 10:00:00,61.49,1.17,89.0,33.98,normal
A002,2025-11-06 11:00:00,55.33,0.73,81.6,30.39,normal
A002,2025-11-06 12:00:00,153.85,4.11,22.96,48.97,anomalie
A002,2025-11-06 13:00:00,23.56,0.49,92.47,35.44,normal
A002,2025-11-06 14:00:00,26.56,0.64,97.94,28.73,normal
A002,2025-11-06 15:00:00,30.0,1.52,90.8,36.74,normal
A002,2025-11-06 16:00:00,38.98,0.56,92.01,40.74,normal
A002,2025-11-06 17:00:00,132.9,3.77,24.98,78.11,anomalie
A002,2025-11-06 18:00:00,56.55,1.07,66.37,29.95,normal
A002,2025-11-06 19:00:00,39.34,0.82,103.97,35.29,normal
A002,2025-11-06 20:00:00,40.31,0.56,85.17,30.23,normal
A002,2025-11-06 21:00:00,28.31,0.83,86.4,37.56,normal
A002,2025-11-06 22:00:00,63.25,0.78,88.2,50.97,normal
A002,2025-11-06 23:00:00,65.58,0.95,103.09,32.16,normal
A002,2025-11-07 00:00:00,51.7,0.37,99.19,31.66,normal
A002,2025-11-07 01:00:00,67.82,0.96,97.65,34.04,normal
A002,2025-11-07 02:00:00,57.27,0.55,83.56,40.15,normal
A002,2025-11-07 03:00:00,46.02,0.95,84.53,32.42,normal
A002,2025-11-07 04:00:00,134.3,5.02,44.48,52.9,anomalie
A002,2025-11-07 05:00:00,53.98,0.79,101.49,42.16,normal
A002,2025-11-07 06:00:00,47.19,1.1,101.87,47.95,normal
A002,2025-11-07 07:00:00,37.92,0.98,92.71,36.52,normal
A002,2025-11-07 08:00:00,34.9,1.14,103.17,34.41,normal
A002,2025-11-07 09:00:00,48.63,0.13,85.02,39.96,normal
A002,2025-11-07 10:00:00,62.61,0.96,87.61,33.17,normal
A002,2025-11-07 11:00:00,40.06,0.19,97.64,41.29,normal
A002,2025-11-07 12:00:00,64.97,0.67,94.04,34.88,normal
A002,2025-11-07 13:00:00,130.62,3.13,29.65,50.51,anomalie
A002,2025-11-07 14:00:00,63.07,0.4,91.26,44.69,normal
A002,2025-11-07 15:00:00,65.43,0.4,97.24,38.34,normal
A002,2025-11-07 16:00:00,56.15,0.73,96.73,44.5,normal
A002,2025-11-07 17:00:00,24.43,0.12,91.41,40.5,normal
A002,2025-11-07 18:00:00,41.97,0.77,93.32,35.95,normal
A002,2025-11-07 19:00:00,43.47,1.03,91.96,36.58,normal
A002,2025-11-07 20:00:00,35.97,1.13,84.64,39.04,normal
A002,2025-11-07 21:00:00,55.09,0.61,80.89,35.46,normal
A002,2025-11-07 22:00:00,49.71,0.71,98.0,26.92,normal
A002,2025-11-07 23:00:00,65.75,0.54,94.28,39.5,normal
A003,2025-11-01 00:00:00,177.4,3.59,22.31,54.97,anomalie
A003,2025-11-01 01:00:00,53.98,0.99,96.53,48.44,normal
A003,2025-11-01 02:00:00,40.19,0.25,95.11,41.87,normal
A003,2025-11-01 03:00:00,81.58,0.47,102.22,43.75,normal
A003,2025-11-01 04:00:00,51.13,0.32,87.54,30.78,normal
A003,2025-11-01 05:00:00,56.36,0.84,104.79,38.06,normal
A003,2025-11-01 06:00:00,40.66,0.86,82.58,28.4,normal
A003,2025-11-01 07:00:00,46.7,0.18,94.52,28.8,normal
A003,2025-11-01 08:00:00,51.24,0.36,86.91,31.24,normal
A003,2025-11-01 09:00:00,57.2,1.62,93.77,34.1,normal
A003,2025-11-01 10:00:00,53.2,0.57,86.81,31.02,normal
A003,2025-11-01 11:00:00,49.72,1.12,86.01,31.74,normal
A003,2025-11-01 12:00:00,22.95,0.32,92.67,37.54,normal
A003,2025-11-01 13:00:00,63.82,0.64,91.45,31.93,normal
A003,2025-11-01 14:00:00,45.97,0.53,68.48,31.4,normal
A003,2025-11-01 15:00:00,72.82,0.65,95.12,34.16,normal
A003,2025-11-01 16:00:00,33.64,1.22,89.01,35.09,normal
A003,2025-11-01 17:00:00,53.1,1.03,93.82,38.18,normal
A003,2025-11-01 18:00:00,32.84,0.83,89.67,33.96,normal
A003,2025-11-01 19:00:00,90.17,0.65,70.41,38.66,normal
A003,2025-11-01 20:00:00,64.54,0.93,83.54,43.88,normal
A003,2025-11-01 21:00:00,35.84,0.47,87.34,42.17,normal
A003,2025-11-01 22:00:00,54.33,0.88,88.66,39.05,normal
A003,2025-11-01 23:00:00,22.47,1.15,105.86,38.9,normal
A003,2025-11-02 00:00:00,33.64,0.68,78.94,33.93,normal
A003,2025-11-02 01:00:00,35.53,0.67,90.5,34.19,normal
A003,2025-11-02 02:00:00,41.57,0.74,73.17,30.97,normal
A003,2025-11-02 03:00:00,25.57,1.18,108.91,32.69,normal
A003,2025-11-02 04:00:00,42.89,0.8,95.46,35.03,normal
A003,2025-11-02 05:00:00,33.53,0.69,71.96,33.23,normal
A003,2025-11-02 06:00:00,60.45,0.7,101.73,36.85,normal
A003,2025-11-02 07:00:00,26.91,0.35,95.29,24.81,normal
A003,2025-11-02 08:00:00,75.99,1.47,96.38,37.5,normal
A003,2025-11-02 09:00:00,34.05,0.54,77.39,30.67,normal
A003,2025-11-02 10:00:00,20.31,1.02,79.27,36.2,normal
A003,2025-11-02 11:00:00,46.92,1.5,92.92,39.5,normal
A003,2025-11-02 12:00:00,31.56,0.95,85.35,34.47,normal
A003,2025-11-02 13:00:00,27.13,0.87,92.66,43.85,normal
A003,2025-11-02 14:00:00,54.62,0.68,92.69,33.28,normal
A003,2025-11-02 15:00:00,48.13,0.45,89.87,36.95,normal
A003,2025-11-02 16:00:00,23.4,1.18,80.94,31.73,normal
A003,2025-11-02 17:00:00,53.61,0.07,117.16,33.65,normal
A003,2025-11-02 18:00:00,49.18,0.89,95.21,38.23,normal
A003,2025-11-02 19:00:00,67.49,0.74,88.65,40.02,normal
A003,2025-11-02 20:00:00,59.84,0.86,89.81,33.06,normal
A003,2025-11-02 21:00:00,64.28,1.13,85.9,31.26,normal
A003,2025-11-02 22:00:00,40.6,1.06,99.53,37.57,normal
A003,2025-11-02 23:00:00,57.73,1.01,94.21,32.03,normal
A003,2025-11-03 00:00:00,201.82,3.27,33.95,60.67,anomalie
A003,2025-11-03 01:00:00,47.13,0.64,91.07,34.33,normal
A003,2025-11-03 02:00:00,21.6,0.86,90.01,30.91,normal
A003,2025-11-03 03:00:00,47.31,0.82,88.39,31.45,normal
A003,2025-11-03 04:00:00,38.46,0.52,98.29,34.03,normal
A003,2025-11-03 05:00:00,26.89,0.76,90.79,35.12,normal
A003,2025-11-03 06:00:00,70.41,0.41,59.8,35.92,normal
A003,2025-11-03 07:00:00,40.27,0.86,78.95,38.91,normal
A003,2025-11-03 08:00:00,57.15,0.95,100.6,48.8,normal
A003,2025-11-03 09:00:00,38.92,1.07,71.67,34.86,normal
A003,2025-11-03 10:00:00,127.35,2.66,25.39,67.14,anomalie
A003,2025-11-03 11:00:00,37.12,1.14,87.27,31.11,normal
A003,2025-11-03 12:00:00,42.86,1.06,92.63,35.97,normal
A003,2025-11-03 13:00:00,46.61,1.03,89.34,44.91,normal
A003,2025-11-03 14:00:00,71.34,1.08,99.65,41.18,normal
A003,2025-11-03 15:00:00,34.17,1.12,92.03,33.58,normal
A003,2025-11-03 16:00:00,47.91,0.66,90.01,38.01,normal
A003,2025-11-03 17:00:00,100.32,3.13,40.17,48.16,anomalie
A003,2025-11-03 18:00:00,59.33,0.46,100.39,34.62,normal
A003,2025-11-03 19:00:00,64.56,1.28,82.58,32.91,normal
A003,2025-11-03 20:00:00,36.96,1.14,78.11,43.21,normal
A003,2025-11-03 21:00:00,117.56,3.44,24.94,47.99,anomalie
A003,2025-11-03 22:00:00,46.57,0.5,64.38,34.04,normal
A003,2025-11-03 23:00:00,48.84,0.8,95.38,34.79,normal
A003,2025-11-04 00:00:00,32.29,1.13,97.15,38.59,normal
A003,2025-11-04 01:00:00,46.43,0.86,99.81,31.29,normal
A003,2025-11-04 02:00:00,31.41,0.36,91.65,35.25,normal
A003,2025-11-04 03:00:00,60.05,1.0,67.27,30.32,normal
A003,2025-11-04 04:00:00,189.71,1.79,45.36,77.77,anomalie
A003,2025-11-04 05:00:00,58.06,0.82,87.94,31.75,normal
A003,2025-11-04 06:00:00,44.37,0.7,102.82,37.79,normal
A003,2025-11-04 07:00:00,54.89,0.69,77.02,42.89,normal
A003,2025-11-04 08:00:00,37.84,0.42,87.66,37.33,normal
A003,2025-11-04 09:00:00,54.95,0.99,79.11,34.22,normal
A003,2025-11-04 10:00:00,65.99,4.64,42.32,55.12,anomalie
A003,2025-11-04 11:00:00,41.54,0.78,87.99,28.84,normal
A003,2025-11-04 12:00:00,43.56,0.98,74.02,37.31,normal
A003,2025-11-04 13:00:00,39.25,0.85,91.63,35.21,normal
A003,2025-11-04 14:00:00,56.39,0.81,83.59,37.44,normal
A003,2025-11-04 15:00:00,35.58,1.05,103.92,40.88,normal
A003,2025-11-04 16:00:00,196.12,5.24,25.32,56.6,anomalie
A003,2025-11-04 17:00:00,113.05,1.47,37.15,62.92,anomalie
A003,2025-11-04 18:00:00,44.62,0.61,97.44,34.09,normal
A003,2025-11-04 19:00:00,29.84,0.32,92.48,35.75,normal
A003,2025-11-04 20:00:00,22.0,1.1,83.15,38.95,normal
A003,2025-11-04 21:00:00,70.68,0.43,82.9,32.01,normal
A003,2025-11-04 22:00:00,50.21,0.51,85.93,38.43,normal
A003,2025-11-04 23:00:00,26.9,1.4,95.49,48.17,normal
A003,2025-11-05 00:00:00,36.52,0.4,88.11,39.61,normal
A003,2025-11-05 01:00:00,44.59,-0.24,94.09,28.37,normal
A003,2025-11-05 02:00:00,63.3,0.67,63.96,35.99,normal
A003,2025-11-05 03:00:00,42.82,1.09,100.37,38.7,normal
A003,2025-11-05 04:00:00,23.32,0.9,84.96,34.59,normal
A003,2025-11-05 05:00:00,60.35,0.03,82.68,29.88,normal
A003,2025-11-05 06:00:00,60.19,0.46,96.66,37.31,normal
A003,2025-11-05 07:00:00,34.07,0.44,98.64,37.9,normal
A003,2025-11-05 08:00:00,61.75,0.72,84.02,42.11,normal
A003,2025-11-05 09:00:00,41.02,0.87,108.02,36.92,normal
A003,2025-11-05 10:00:00,56.28,1.22,96.5,27.48,normal
A003,2025-11-05 11:00:00,64.56,1.04,90.33,30.22,normal
A003,2025-11-05 12:00:00,59.1,0.75,95.35,39.44,normal
A003,2025-11-05 13:00:00,62.24,0.78,100.87,39.62,normal
A003,2025-11-05 14:00:00,62.58,0.61,84.42,29.5,normal
A003,2025-11-05 15:00:00,65.87,1.08,96.34,35.44,normal
A003,2025-11-05 16:00:00,33.62,0.68,96.96,39.25,normal
A003,2025-11-05 17:00:00,49.1,0.94,97.74,29.99,normal
A003,2025-11-05 18:00:00,57.51,0.81,90.07,31.7,normal
A003,2025-11-05 19:00:00,46.43,0.88,92.44,41.93,normal
A003,2025-11-05 20:00:00,42.82,0.54,96.93,33.04,normal
A003,2025-11-05 21:00:00,40.26,1.03,101.12,44.67,normal
A003,2025-11-05 22:00:00,44.46,0.84,72.24,37.04,normal
A003,2025-11-05 23:00:00,68.75,0.35,102.18,30.66,normal
A003,2025-11-06 00:00:00,115.31,1.68,36.0,67.36,anomalie
A003,2025-11-06 01:00:00,32.22,0.96,105.2,32.53,normal
A003,2025-11-06 02:00:00,107.96,1.81,54.97,47.15,anomalie
A003,2025-11-06 03:00:00,72.7,0.62,83.57,43.51,normal
A003,2025-11-06 04:00:00,27.55,0.6,89.17,27.75,normal
A003,2025-11-06 05:00:00,138.16,2.42,28.98,49.78,anomalie
A003,2025-11-06 06:00:00,295.15,4.51,36.22,64.73,anomalie
A003,2025-11-06 07:00:00,26.38,1.08,96.56,27.32,normal
A003,2025-11-06 08:00:00,58.27,0.9,93.91,28.37,normal
A003,2025-11-06 09:00:00,37.03,1.31,90.44,33.72,normal
A003,2025-11-06 10:00:00,58.58,0.78,101.24,33.33,normal
A003,2025-11-06 11:00:00,37.03,0.76,93.17,35.95,normal
A003,2025-11-06 12:00:00,43.45,0.32,107.5,41.91,normal
A003,2025-11-06 13:00:00,155.08,1.85,28.86,53.88,anomalie
A003,2025-11-06 14:00:00,48.99,0.59,96.82,42.44,normal
A003,2025-11-06 15:00:00,56.12,0.94,76.0,36.03,normal
A003,2025-11-06 16:00:00,63.04,1.07,82.37,35.19,normal
A003,2025-11-06 17:00:00,52.31,1.03,72.82,36.42,normal
A003,2025-11-06 18:00:00,54.56,1.02,87.69,42.27,normal
A003,2025-11-06 19:00:00,62.46,0.49,73.85,24.82,normal
A003,2025-11-06 20:00:00,41.76,1.06,86.13,34.77,normal
A003,2025-11-06 21:00:00,39.64,0.8,97.93,34.92,normal
A003,2025-11-06 22:00:00,42.6,1.23,77.43,39.07,normal
A003,2025-11-06 23:00:00,58.14,0.49,91.36,35.82,normal
A003,2025-11-07 00:00:00,45.03,0.62,79.15,30.87,normal
A003,2025-11-07 01:00:00,17.83,0.96,100.49,32.67,normal
A003,2025-11-07 02:00:00,58.23,0.72,88.75,36.64,normal
A003,2025-11-07 03:00:00,60.61,0.8,100.65,24.3,normal
A003,2025-11-07 04:00:00,55.51,0.71,99.22,37.41,normal
A003,2025-11-07 05:00:00,44.16,1.28,78.97,36.8,normal
A003,2025-11-07 06:00:00,58.33,0.52,85.83,33.52,normal
A003,2025-11-07 07:00:00,51.68,1.32,87.19,37.12,normal
A003,2025-11-07 08:00:00,46.74,0.71,114.27,37.16,normal
A003,2025-11-07 09:00:00,47.81,0.62,82.63,31.51,normal
A003,2025-11-07 10:00:00,65.32,1.43,74.14,25.6,normal
A003,2025-11-07 11:00:00,66.29,1.12,90.0,28.51,normal
A003,2025-11-07 12:00:00,54.92,1.08,79.86,35.43,normal
A003,2025-11-07 13:00:00,44.96,0.56,94.33,30.97,normal
A003,2025-11-07 14:00:00,62.88,0.73,90.38,27.76,normal
A003,2025-11-07 15:00:00,49.31,0.57,110.29,39.79,normal
A003,2025-11-07 16:00:00,54.21,1.33,93.72,36.95,normal
A003,2025-11-07 17:00:00,18.71,0.74,87.61,42.15,normal
A003,2025-11-07 18:00:00,38.0,0.78,102.37,32.71,normal
A003,2025-11-07 19:00:00,151.2,3.49,33.25,59.94,anomalie
A003,2025-11-07 20:00:00,21.85,0.99,83.65,29.05,normal
A003,2025-11-07 21:00:00,47.2,0.61,107.62,33.59,normal
A003,2025-11-07 22:00:00,59.77,0.46,87.99,34.97,normal
A003,2025-11-07 23:00:00,54.03,1.25,103.97,37.07,normal
A004,2025-11-01 00:00:00,51.26,1.22,94.1,30.69,normal
A004,2025-11-01 01:00:00,39.19,0.96,91.51,34.41,normal
A004,2025-11-01 02:00:00,52.96,0.89,107.0,40.36,normal
A004,2025-11-01 03:00:00,77.97,1.13,89.08,28.91,normal
A004,2025-11-01 04:00:00,37.29,0.6,79.1,31.08,normal
A004,2025-11-01 05:00:00,212.9,3.12,40.33,57.29,anomalie
A004,2025-11-01 06:00:00,40.13,1.06,79.08,39.45,normal
A004,2025-11-01 07:00:00,28.67,1.13,81.83,31.95,normal
A004,2025-11-01 08:00:00,56.95,0.39,98.48,28.84,normal
A004,2025-11-01 09:00:00,60.69,1.03,80.51,42.17,normal
A004,2025-11-01 10:00:00,55.24,0.33,90.95,33.68,normal
A004,2025-11-01 11:00:00,60.06,0.71,85.31,38.22,normal
A004,2025-11-01 12:00:00,166.93,5.26,34.05,49.2,anomalie
A004,2025-11-01 13:00:00,117.5,4.9,43.96,61.51,anomalie
A004,2025-11-01 14:00:00,53.74,1.11,91.45,35.12,normal
A004,2025-11-01 15:00:00,76.53,0.65,76.46,32.23,normal
A004,2025-11-01 16:00:00,55.51,0.17,96.26,39.43,normal
A004,2025-11-01 17:00:00,49.01,0.6,101.9,40.86,normal
A004,2025-11-01 18:00:00,79.44,0.8,100.11,41.71,normal
A004,2025-11-01 19:00:00,56.06,0.49,77.94,36.87,normal
A004,2025-11-01 20:00:00,283.97,3.09,41.58,63.11,anomalie
A004,2025-11-01 21:00:00,35.3,1.72,78.97,33.44,normal
A004,2025-11-01 22:00:00,55.79,0.74,107.55,42.87,normal
A004,2025-11-01 23:00:00,37.89,0.76,99.32,36.31,normal
A004,2025-11-02 00:00:00,33.04,0.99,96.3,30.98,normal
A004,2025-11-02 01:00:00,145.09,2.63,60.15,58.77,anomalie
A004,2025-11-02 02:00:00,46.91,0.58,88.23,27.26,normal
A004,2025-11-02 03:00:00,24.47,0.66,83.87,40.26,normal
A004,2025-11-02 04:00:00,42.69,0.69,82.3,28.52,normal
A004,2025-11-02 05:00:00,44.31,0.9,98.81,33.1,normal
A004,2025-11-02 06:00:00,49.53,0.55,95.73,26.07,normal
A004,2025-11-02 07:00:00,53.55,0.48,78.34,35.09,normal
A004,2025-11-02 08:00:00,48.57,0.27,89.19,30.83,normal
A004,2025-11-02 09:00:00,32.21,0.1,95.42,43.21,normal
A004,2025-11-02 10:00:00,57.23,0.91,93.94,25.36,normal
A004,2025-11-02 11:00:00,32.23,0.65,107.03,34.63,normal
A004,2025-11-02 12:00:00,68.7,0.78,99.51,33.17,normal
A004,2025-11-02 13:00:00,42.11,0.21,85.08,36.72,normal
A004,2025-11-02 14:00:00,78.56,1.29,112.19,34.2,normal
A004,2025-11-02 15:00:00,18.55,1.06,81.08,37.01,normal
A004,2025-11-02 16:00:00,41.17,0.55,83.92,32.3,normal
A004,2025-11-02 17:00:00,55.71,0.74,90.67,37.23,normal
A004,2025-11-02 18:00:00,68.27,0.65,82.82,33.85,normal
A004,2025-11-02 19:00:00,56.02,0.94,95.2,30.11,normal
A004,2025-11-02 20:00:00,210.0,3.81,36.8,51.2,anomalie
A004,2025-11-02 21:00:00,47.87,0.44,82.85,33.69,normal
A004,2025-11-02 22:00:00,35.95,0.6,92.92,34.06,normal
A004,2025-11-02 23:00:00,73.87,0.74,89.55,28.93,normal
A004,2025-11-03 00:00:00,101.43,4.89,34.82,59.34,anomalie
A004,2025-11-03 01:00:00,156.11,4.6,44.72,48.32,anomalie
A004,2025-11-03 02:00:00,49.32,0.67,84.3,36.65,normal
A004,2025-11-03 03:00:00,37.78,0.64,102.21,32.56,normal
A004,2025-11-03 04:00:00,41.97,0.91,82.69,38.79,normal
A004,2025-11-03 05:00:00,223.4,3.82,42.64,48.42,anomalie
A004,2025-11-03 06:00:00,47.08,0.78,90.92,36.26,normal
A004,2025-11-03 07:00:00,60.43,0.36,78.28,40.73,normal
A004,2025-11-03 08:00:00,36.66,1.09,98.76,42.36,normal
A004,2025-11-03 09:00:00,33.68,0.42,88.91,31.0,normal
A004,2025-11-03 10:00:00,141.89,2.3,42.23,46.82,anomalie
A004,2025-11-03 11:00:00,49.17,0.95,73.51,35.05,normal
A004,2025-11-03 12:00:00,68.09,1.03,94.67,42.61,normal
A004,2025-11-03 13:00:00,58.49,1.01,96.35,29.41,normal
A004,2025-11-03 14:00:00,63.98,0.73,101.36,29.47,normal
A004,2025-11-03 15:00:00,42.47,0.65,81.64,25.58,normal
A004,2025-11-03 16:00:00,55.29,0.63,71.79,36.35,normal
A004,2025-11-03 17:00:00,61.71,0.31,77.91,33.81,normal
A004,2025-11-03 18:00:00,63.67,0.83,102.64,30.77,normal
A004,2025-11-03 19:00:00,78.64,1.04,87.83,39.3,normal
A004,2025-11-03 20:00:00,48.16,0.83,78.7,47.06,normal
A004,2025-11-03 21:00:00,52.23,0.6,94.23,45.4,normal
A004,2025-11-03 22:00:00,53.87,0.43,93.34,34.22,normal
A004,2025-11-03 23:00:00,165.85,4.09,24.9,55.07,anomalie
A004,2025-11-04 00:00:00,57.29,0.34,100.83,32.64,normal
A004,2025-11-04 01:00:00,17.54,0.7,101.54,32.41,normal
A004,2025-11-04 02:00:00,27.21,-0.05,85.49,37.76,normal
A004,2025-11-04 03:00:00,57.27,0.94,82.08,23.82,normal
A004,2025-11-04 04:00:00,52.86,0.93,84.9,35.17,normal
A004,2025-11-04 05:00:00,32.79,0.71,91.61,35.27,normal
A004,2025-11-04 06:00:00,44.86,0.85,80.37,33.97,normal
A004,2025-11-04 07:00:00,52.7,0.95,87.84,31.85,normal
A004,2025-11-04 08:00:00,67.39,0.7,94.25,40.99,normal
A004,2025-11-04 09:00:00,43.02,0.71,79.31,26.07,normal
A004,2025-11-04 10:00:00,41.67,0.86,77.98,33.02,normal
A004,2025-11-04 11:00:00,32.0,0.71,91.53,40.09,normal
A004,2025-11-04 12:00:00,76.32,0.81,92.25,38.46,normal
A004,2025-11-04 13:00:00,71.97,0.63,109.9,36.75,normal
A004,2025-11-04 14:00:00,61.63,0.97,92.34,33.76,normal
A004,2025-11-04 15:00:00,46.52,1.15,97.32,33.93,normal
A004,2025-11-04 16:00:00,49.15,1.17,70.49,35.72,normal
A004,2025-11-04 17:00:00,46.62,0.77,105.08,31.54,normal
A004,2025-11-04 18:00:00,65.63,0.98,88.7,37.9,normal
A004,2025-11-04 19:00:00,51.1,0.7,102.82,40.44,normal
A004,2025-11-04 20:00:00,30.6,0.97,94.51,25.65,normal
A004,2025-11-04 21:00:00,45.08,0.7,104.96,32.62,normal
A004,2025-11-04 22:00:00,47.09,0.57,100.49,43.28,normal
A004,2025-11-04 23:00:00,139.75,2.71,17.78,54.86,anomalie
A004,2025-11-05 00:00:00,48.66,0.79,72.69,42.47,normal
A004,2025-11-05 01:00:00,23.99,0.9,79.8,39.67,normal
A004,2025-11-05 02:00:00,62.7,0.16,89.01,31.99,normal
A004,2025-11-05 03:00:00,41.14,1.0,96.36,32.26,normal
A004,2025-11-05 04:00:00,117.09,2.79,21.7,51.26,anomalie
A004,2025-11-05 05:00:00,21.02,0.6,96.73,23.15,normal
A004,2025-11-05 06:00:00,69.93,0.89,83.93,37.28,normal
A004,2025-11-05 07:00:00,78.44,1.65,51.23,42.84,anomalie
A004,2025-11-05 08:00:00,30.24,1.03,79.98,31.24,normal
A004,2025-11-05 09:00:00,61.42,0.46,95.17,39.86,normal
A004,2025-11-05 10:00:00,33.44,0.7,82.2,41.65,normal
A004,2025-11-05 11:00:00,44.35,0.74,96.05,40.58,normal
A004,2025-11-05 12:00:00,43.85,1.01,112.82,31.91,normal
A004,2025-11-05 13:00:00,22.46,0.56,101.45,36.05,normal
A004,2025-11-05 14:00:00,52.78,0.93,92.22,41.39,normal
A004,2025-11-05 15:00:00,59.95,0.58,95.86,33.02,normal
A004,2025-11-05 16:00:00,63.51,0.94,101.83,29.11,normal
A004,2025-11-05 17:00:00,74.35,1.08,72.8,44.14,normal
A004,2025-11-05 18:00:00,38.97,1.02,79.5,38.79,normal
A004,2025-11-05 19:00:00,131.37,4.08,39.43,64.63,anomalie
A004,2025-11-05 20:00:00,43.73,0.19,79.29,44.56,normal
A004,2025-11-05 21:00:00,158.08,2.55,39.23,54.85,anomalie
A004,2025-11-05 22:00:00,24.97,1.12,88.27,38.86,normal
A004,2025-11-05 23:00:00,35.03,1.11,109.02,36.22,normal
A004,2025-11-06 00:00:00,59.58,1.12,93.68,35.74,normal
A004,2025-11-06 01:00:00,206.73,1.82,47.59,68.93,anomalie
A004,2025-11-06 02:00:00,36.83,0.69,92.31,38.23,normal
A004,2025-11-06 03:00:00,250.07,2.45,26.02,47.53,anomalie
A004,2025-11-06 04:00:00,67.55,0.84,90.8,37.77,normal
A004,2025-11-06 05:00:00,51.49,0.55,104.18,27.06,normal
A004,2025-11-06 06:00:00,45.05,0.74,83.72,33.56,normal
A004,2025-11-06 07:00:00,49.53,0.88,100.69,35.46,normal
A004,2025-11-06 08:00:00,69.15,0.9,77.93,29.62,normal
A004,2025-11-06 09:00:00,68.09,1.14,82.08,33.0,normal
A004,2025-11-06 10:00:00,53.25,0.49,101.01,40.31,normal
A004,2025-11-06 11:00:00,50.0,1.13,97.45,42.2,normal
A004,2025-11-06 12:00:00,81.29,0.5,86.39,37.08,normal
A004,2025-11-06 13:00:00,195.27,2.89,34.03,50.19,anomalie
A004,2025-11-06 14:00:00,66.56,0.94,89.98,32.05,normal
A004,2025-11-06 15:00:00,37.43,0.48,98.36,36.19,normal
A004,2025-11-06 16:00:00,73.85,0.97,104.0,28.29,normal
A004,2025-11-06 17:00:00,58.98,0.52,69.75,39.04,normal
A004,2025-11-06 18:00:00,34.6,1.17,80.35,43.14,normal
A004,2025-11-06 19:00:00,16.16,0.45,92.18,30.11,normal
A004,2025-11-06 20:00:00,41.09,0.75,90.79,24.36,normal
A004,2025-11-06 21:00:00,19.03,0.59,80.72,33.8,normal
A004,2025-11-06 22:00:00,23.09,0.39,82.91,44.77,normal
A004,2025-11-06 23:00:00,52.59,0.95,114.45,32.29,normal
A004,2025-11-07 00:00:00,24.76,0.49,87.2,30.18,normal
A004,2025-11-07 01:00:00,37.39,1.0,90.81,31.59,normal
A004,2025-11-07 02:00:00,53.19,1.11,101.06,32.18,normal
A004,2025-11-07 03:00:00,51.86,0.56,87.96,39.02,normal
A004,2025-11-07 04:00:00,189.65,4.09,47.69,48.12,anomalie
A004,2025-11-07 05:00:00,49.31,0.55,100.95,37.17,normal
A004,2025-11-07 06:00:00,52.93,0.77,94.36,22.34,normal
A004,2025-11-07 07:00:00,52.8,0.94,103.79,34.58,normal
A004,2025-11-07 08:00:00,39.88,0.68,109.92,30.84,normal
A004,2025-11-07 09:00:00,51.97,0.62,87.66,39.04,normal
A004,2025-11-07 10:00:00,40.89,0.78,94.26,37.09,normal
A004,2025-11-07 11:00:00,67.12,0.63,102.69,36.06,normal
A004,2025-11-07 12:00:00,57.0,1.2,95.22,34.51,normal
A004,2025-11-07 13:00:00,29.84,0.95,101.03,44.68,normal
A004,2025-11-07 14:00:00,52.18,0.62,91.41,42.94,normal
A004,2025-11-07 15:00:00,41.11,0.87,77.84,33.95,normal
A004,2025-11-07 16:00:00,42.84,0.42,88.72,32.2,normal
A004,2025-11-07 17:00:00,14.35,0.7,88.02,35.95,normal
A004,2025-11-07 18:00:00,75.44,1.37,91.57,40.12,normal
A004,2025-11-07 19:00:00,190.82,3.31,21.22,60.98,anomalie
A004,2025-11-07 20:00:00,78.82,2.08,45.57,36.84,anomalie
A004,2025-11-07 21:00:00,10.39,0.7,91.1,37.54,normal
A004,2025-11-07 22:00:00,36.13,0.32,86.73,33.93,normal
A004,2025-11-07 23:00:00,59.31,1.11,75.96,48.23,normal
A005,2025-11-01 00:00:00,47.25,0.69,101.81,31.86,normal
A005,2025-11-01 01:00:00,57.54,0.7,85.04,37.98,normal
A005,2025-11-01 02:00:00,54.84,0.78,95.0,32.33,normal
A005,2025-11-01 03:00:00,41.69,1.28,102.01,36.41,normal
A005,2025-11-01 04:00:00,38.07,0.93,102.8,23.92,normal
A005,2025-11-01 05:00:00,52.36,0.8,93.98,30.86,normal
A005,2025-11-01 06:00:00,41.27,0.45,88.02,45.34,normal
A005,2025-11-01 07:00:00,67.14,0.28,78.2,36.32,normal
A005,2025-11-01 08:00:00,220.67,6.83,41.19,44.26,anomalie
A005,2025-11-01 09:00:00,59.22,1.33,96.57,39.14,normal
A005,2025-11-01 10:00:00,33.33,0.79,84.69,27.16,normal
A005,2025-11-01 11:00:00,22.29,0.84,89.98,33.86,normal
A005,2025-11-01 12:00:00,193.81,3.89,32.25,44.49,anomalie
A005,2025-11-01 13:00:00,49.43,0.81,99.36,35.92,normal
A005,2025-11-01 14:00:00,45.54,1.19,93.21,35.97,normal
A005,2025-11-01 15:00:00,41.42,0.56,83.71,31.25,normal
A005,2025-11-01 16:00:00,178.12,4.22,44.47,40.64,anomalie
A005,2025-11-01 17:00:00,39.21,0.33,103.37,40.91,normal
A005,2025-11-01 18:00:00,84.55,0.36,102.59,40.73,normal
A005,2025-11-01 19:00:00,59.74,0.69,87.23,37.25,normal
A005,2025-11-01 20:00:00,80.75,0.8,97.82,31.05,normal
A005,2025-11-01 21:00:00,37.9,0.29,95.6,35.94,normal
A005,2025-11-01 22:00:00,60.39,1.02,80.14,33.58,normal
A005,2025-11-01 23:00:00,57.97,1.29,90.22,27.7,normal
A005,2025-11-02 00:00:00,78.47,0.52,81.66,38.82,normal
A005,2025-11-02 01:00:00,37.5,0.61,91.09,35.38,normal
A005,2025-11-02 02:00:00,56.32,0.88,86.61,36.85,normal
A005,2025-11-02 03:00:00,27.38,0.45,89.77,31.36,normal
A005,2025-11-02 04:00:00,37.83,0.47,92.59,36.06,normal
A005,2025-11-02 05:00:00,41.53,0.93,93.31,35.71,normal
A005,2025-11-02 06:00:00,50.11,0.17,91.6,46.06,normal
A005,2025-11-02 07:00:00,64.85,0.62,88.71,36.7,normal
A005,2025-11-02 08:00:00,60.97,0.98,88.58,36.69,normal
A005,2025-11-02 09:00:00,56.03,0.58,98.46,40.76,normal
A005,2025-11-02 10:00:00,49.03,0.82,90.73,34.25,normal
A005,2025-11-02 11:00:00,44.74,1.11,93.39,33.33,normal
A005,2025-11-02 12:00:00,59.05,0.54,114.85,36.32,normal
A005,2025-11-02 13:00:00,55.68,0.91,84.07,36.57,normal
A005,2025-11-02 14:00:00,68.27,1.12,98.72,33.42,normal
A005,2025-11-02 15:00:00,46.69,0.52,90.73,35.94,normal
A005,2025-11-02 16:00:00,36.26,0.55,88.6,36.54,normal
A005,2025-11-02 17:00:00,34.66,0.71,90.24,33.68,normal
A005,2025-11-02 18:00:00,28.46,0.41,92.81,24.34,normal
A005,2025-11-02 19:00:00,50.23,1.11,78.62,35.12,normal
A005,2025-11-02 20:00:00,47.28,0.77,99.96,43.52,normal
A005,2025-11-02 21:00:00,70.99,0.69,95.1,32.58,normal
A005,2025-11-02 22:00:00,32.0,0.11,98.58,30.86,normal
A005,2025-11-02 23:00:00,63.45,0.3,89.97,35.11,normal
A005,2025-11-03 00:00:00,43.13,0.75,86.29,28.26,normal
A005,2025-11-03 01:00:00,57.18,1.0,91.49,33.56,normal
A005,2025-11-03 02:00:00,35.07,0.75,68.23,35.89,normal
A005,2025-11-03 03:00:00,71.83,1.04,88.94,32.73,normal
A005,2025-11-03 04:00:00,39.62,0.21,91.03,45.21,normal
A005,2025-11-03 05:00:00,46.81,1.25,89.9,36.48,normal
A005,2025-11-03 06:00:00,37.8,1.05,92.26,35.09,normal
A005,2025-11-03 07:00:00,54.33,0.63,75.79,32.41,normal
A005,2025-11-03 08:00:00,154.39,3.04,26.01,47.07,anomalie
A005,2025-11-03 09:00:00,63.8,0.71,89.84,39.58,normal
A005,2025-11-03 10:00:00,47.75,0.7,79.57,29.14,normal
A005,2025-11-03 11:00:00,168.9,3.17,42.85,57.54,anomalie
A005,2025-11-03 12:00:00,177.76,3.59,53.13,59.3,anomalie
A005,2025-11-03 13:00:00,40.41,0.53,81.48,27.69,normal
A005,2025-11-03 14:00:00,31.74,0.85,81.07,37.57,normal
A005,2025-11-03 15:00:00,71.69,0.8,97.9,41.5,normal
A005,2025-11-03 16:00:00,94.66,4.87,44.98,38.43,anomalie
A005,2025-11-03 17:00:00,58.36,0.76,94.03,32.25,normal
A005,2025-11-03 18:00:00,49.33,0.85,83.3,40.86,normal
A005,2025-11-03 19:00:00,44.29,0.7,92.79,39.31,normal
A005,2025-11-03 20:00:00,46.96,0.64,100.36,27.89,normal
A005,2025-11-03 21:00:00,54.46,0.47,85.57,40.91,normal
A005,2025-11-03 22:00:00,40.79,0.59,99.79,28.14,normal
A005,2025-11-03 23:00:00,35.22,1.22,85.13,37.67,normal
A005,2025-11-04 00:00:00,142.4,3.74,22.89,47.29,anomalie
A005,2025-11-04 01:00:00,40.94,0.38,84.64,33.68,normal
A005,2025-11-04 02:00:00,49.89,0.74,86.28,31.36,normal
A005,2025-11-04 03:00:00,59.94,0.56,100.03,35.61,normal
A005,2025-11-04 04:00:00,29.15,0.85,79.03,27.62,normal
A005,2025-11-04 05:00:00,55.72,0.76,96.18,42.55,normal
A005,2025-11-04 06:00:00,27.01,0.74,93.02,35.88,normal
A005,2025-11-04 07:00:00,54.46,0.77,84.24,20.5,normal
A005,2025-11-04 08:00:00,52.15,1.05,96.93,37.91,normal
A005,2025-11-04 09:00:00,67.27,0.73,101.94,32.22,normal
A005,2025-11-04 10:00:00,70.9,1.01,94.29,36.9,normal
A005,2025-11-04 11:00:00,48.13,0.63,84.46,44.7,normal
A005,2025-11-04 12:00:00,69.88,0.38,95.86,31.32,normal
A005,2025-11-04 13:00:00,40.18,0.52,88.83,43.32,normal
A005,2025-11-04 14:00:00,48.69,0.96,99.5,34.7,normal
A005,2025-11-04 15:00:00,34.79,1.05,79.64,34.27,normal
A005,2025-11-04 16:00:00,64.4,0.94,78.21,35.86,normal
A005,2025-11-04 17:00:00,72.78,1.0,71.4,39.32,normal
A005,2025-11-04 18:00:00,44.76,0.57,93.79,41.15,normal
A005,2025-11-04 19:00:00,239.76,4.29,26.87,50.23,anomalie
A005,2025-11-04 20:00:00,57.73,0.55,111.84,37.85,normal
A005,2025-11-04 21:00:00,59.45,0.24,94.11,39.4,normal
A005,2025-11-04 22:00:00,50.74,1.03,83.92,36.82,normal
A005,2025-11-04 23:00:00,87.27,1.18,78.5,36.73,normal
A005,2025-11-05 00:00:00,55.21,0.83,93.56,35.96,normal
A005,2025-11-05 01:00:00,30.88,0.91,101.16,42.54,normal
A005,2025-11-05 02:00:00,97.28,0.46,92.43,24.59,normal
A005,2025-11-05 03:00:00,42.17,0.95,88.73,30.87,normal
A005,2025-11-05 04:00:00,24.66,0.66,70.25,38.76,normal
A005,2025-11-05 05:00:00,147.68,4.19,57.86,40.1,anomalie
A005,2025-11-05 06:00:00,74.65,0.91,81.37,34.84,normal
A005,2025-11-05 07:00:00,85.86,0.91,89.0,27.02,normal
A005,2025-11-05 08:00:00,42.68,0.99,90.23,27.97,normal
A005,2025-11-05 09:00:00,51.77,0.6,101.78,33.94,normal
A005,2025-11-05 10:00:00,42.23,0.77,111.7,27.88,normal
A005,2025-11-05 11:00:00,111.19,2.73,51.3,53.57,anomalie
A005,2025-11-05 12:00:00,73.98,1.04,98.62,27.92,normal
A005,2025-11-05 13:00:00,74.31,0.77,80.36,29.23,normal
A005,2025-11-05 14:00:00,49.67,0.59,92.05,38.83,normal
A005,2025-11-05 15:00:00,38.44,0.43,91.93,40.72,normal
A005,2025-11-05 16:00:00,48.43,0.92,82.62,35.91,normal
A005,2025-11-05 17:00:00,51.86,1.01,92.21,29.95,normal
A005,2025-11-05 18:00:00,64.43,0.73,97.5,36.4,normal
A005,2025-11-05 19:00:00,44.06,0.57,97.64,40.64,normal
A005,2025-11-05 20:00:00,58.58,0.59,74.62,34.28,normal
A005,2025-11-05 21:00:00,48.61,0.73,78.27,34.48,normal
A005,2025-11-05 22:00:00,44.17,0.71,96.34,31.51,normal
A005,2025-11-05 23:00:00,44.54,0.81,89.41,32.47,normal
A005,2025-11-06 00:00:00,62.89,0.82,101.4,33.06,normal
A005,2025-11-06 01:00:00,52.51,0.93,95.59,34.13,normal
A005,2025-11-06 02:00:00,68.52,0.49,95.95,32.05,normal
A005,2025-11-06 03:00:00,47.58,0.61,80.2,29.55,normal
A005,2025-11-06 04:00:00,70.27,1.07,89.37,36.22,normal
A005,2025-11-06 05:00:00,65.82,0.74,83.24,29.53,normal
A005,2025-11-06 06:00:00,73.38,0.34,106.3,33.14,normal
A005,2025-11-06 07:00:00,47.82,0.7,77.29,34.51,normal
A005,2025-11-06 08:00:00,40.89,0.76,99.58,36.04,normal
A005,2025-11-06 09:00:00,75.27,1.1,106.97,31.6,normal
A005,2025-11-06 10:00:00,126.85,4.75,37.09,64.15,anomalie
A005,2025-11-06 11:00:00,53.84,0.95,103.38,36.84,normal
A005,2025-11-06 12:00:00,27.22,0.01,93.88,34.53,normal
A005,2025-11-06 13:00:00,38.51,0.79,68.01,41.6,normal
A005,2025-11-06 14:00:00,57.9,0.66,83.5,35.42,normal
A005,2025-11-06 15:00:00,22.07,0.83,101.46,34.51,normal
A005,2025-11-06 16:00:00,45.54,0.73,99.86,31.44,normal
A005,2025-11-06 17:00:00,41.04,0.65,94.6,34.13,normal
A005,2025-11-06 18:00:00,49.86,0.89,108.13,33.29,normal
A005,2025-11-06 19:00:00,35.42,1.09,89.02,29.46,normal
A005,2025-11-06 20:00:00,43.75,0.78,93.96,36.32,normal
A005,2025-11-06 21:00:00,24.38,1.59,98.93,33.72,normal
A005,2025-11-06 22:00:00,66.46,0.33,59.92,37.86,normal
A005,2025-11-06 23:00:00,25.3,0.98,83.24,27.14,normal
A005,2025-11-07 00:00:00,51.66,0.61,94.94,20.73,normal
A005,2025-11-07 01:00:00,41.29,0.72,88.4,37.15,normal
A005,2025-11-07 02:00:00,50.68,0.97,108.57,32.59,normal
A005,2025-11-07 03:00:00,79.83,1.48,78.24,33.32,normal
A005,2025-11-07 04:00:00,49.92,1.15,76.27,37.6,normal
A005,2025-11-07 05:00:00,52.25,1.38,102.87,31.95,normal
A005,2025-11-07 06:00:00,26.55,0.45,104.35,33.26,normal
A005,2025-11-07 07:00:00,55.33,1.21,100.73,32.27,normal
A005,2025-11-07 08:00:00,50.38,0.34,91.64,45.98,normal
A005,2025-11-07 09:00:00,51.08,0.94,100.57,35.99,normal
A005,2025-11-07 10:00:00,37.46,1.23,89.08,30.56,normal
A005,2025-11-07 11:00:00,44.29,0.96,82.5,28.77,normal
A005,2025-11-07 12:00:00,49.1,0.95,92.91,25.02,normal
A005,2025-11-07 13:00:00,64.09,0.53,74.27,28.89,normal
A005,2025-11-07 14:00:00,19.67,0.77,84.02,30.17,normal
A005,2025-11-07 15:00:00,30.19,0.16,92.9,35.23,normal
A005,2025-11-07 16:00:00,67.39,1.09,82.21,36.02,normal
A005,2025-11-07 17:00:00,52.18,0.6,81.76,38.42,normal
A005,2025-11-07 18:00:00,27.74,0.74,102.07,27.36,normal
A005,2025-11-07 19:00:00,44.27,0.6,82.55,31.6,normal
A005,2025-11-07 20:00:00,35.39,1.01,76.93,27.01,normal
A005,2025-11-07 21:00:00,32.94,0.53,105.33,35.16,normal
A005,2025-11-07 22:00:00,149.26,3.34,28.63,59.52,anomalie
A005,2025-11-07 23:00:00,65.7,1.03,99.37,32.05,normal
A006,2025-11-01 00:00:00,75.49,0.68,96.81,29.23,normal
A006,2025-11-01 01:00:00,56.33,1.27,88.0,26.16,normal
A006,2025-11-01 02:00:00,64.12,0.86,109.48,40.13,normal
A006,2025-11-01 03:00:00,20.51,0.78,90.17,28.28,normal
A006,2025-11-01 04:00:00,46.26,0.3,94.04,38.58,normal
A006,2025-11-01 05:00:00,59.74,0.97,85.9,36.42,normal
A006,2025-11-01 06:00:00,54.15,1.16,84.03,45.49,normal
A006,2025-11-01 07:00:00,51.45,0.7,88.75,30.98,normal
A006,2025-11-01 08:00:00,33.62,0.84,99.94,38.23,normal
A006,2025-11-01 09:00:00,51.18,1.12,80.3,34.6,normal
A006,2025-11-01 10:00:00,52.36,0.85,83.33,35.99,normal
A006,2025-11-01 11:00:00,43.91,0.61,95.76,34.25,normal
A006,2025-11-01 12:00:00,57.72,1.05,93.24,32.34,normal
A006,2025-11-01 13:00:00,98.55,6.04,49.82,61.08,anomalie
A006,2025-11-01 14:00:00,57.31,1.12,81.21,36.74,normal
A006,2025-11-01 15:00:00,41.88,0.78,100.82,32.72,normal
A006,2025-11-01 16:00:00,39.97,0.78,79.42,22.51,normal
A006,2025-11-01 17:00:00,29.16,1.11,82.53,35.22,normal
A006,2025-11-01 18:00:00,44.74,0.13,103.7,29.57,normal
A006,2025-11-01 19:00:00,35.13,1.08,82.39,33.13,normal
A006,2025-11-01 20:00:00,172.21,3.58,21.5,36.03,anomalie
A006,2025-11-01 21:00:00,54.66,0.33,87.87,40.89,normal
A006,2025-11-01 22:00:00,36.83,0.83,94.81,42.48,normal
A006,2025-11-01 23:00:00,42.62,0.65,91.24,31.87,normal
A006,2025-11-02 00:00:00,69.01,0.89,78.43,28.33,normal
A006,2025-11-02 01:00:00,61.21,1.22,105.57,37.6,normal
A006,2025-11-02 02:00:00,41.3,0.45,98.5,37.09,normal
A006,2025-11-02 03:00:00,32.8,0.94,108.67,41.22,normal
A006,2025-11-02 04:00:00,62.69,0.95,85.39,38.78,normal
A006,2025-11-02 05:00:00,52.99,0.78,90.79,32.69,normal
A006,2025-11-02 06:00:00,37.32,0.97,89.66,27.03,normal
A006,2025-11-02 07:00:00,43.09,0.69,90.04,43.11,normal
A006,2025-11-02 08:00:00,55.93,0.51,84.11,32.71,normal
A006,2025-11-02 09:00:00,72.0,0.96,84.92,25.7,normal
A006,2025-11-02 10:00:00,35.62,0.39,74.16,37.06,normal
A006,2025-11-02 11:00:00,57.46,0.71,92.93,31.29,normal
A006,2025-11-02 12:00:00,59.87,0.78,78.13,40.29,normal
A006,2025-11-02 13:00:00,41.4,0.72,103.59,33.23,normal
A006,2025-11-02 14:00:00,55.23,0.53,85.12,40.37,normal
A006,2025-11-02 15:00:00,79.59,0.92,100.34,42.34,normal
A006,2025-11-02 16:00:00,49.2,0.63,91.68,39.73,normal
A006,2025-11-02 17:00:00,66.36,1.16,79.09,38.97,normal
A006,2025-11-02 18:00:00,53.25,0.71,87.81,38.83,normal
A006,2025-11-02 19:00:00,24.16,0.22,100.69,31.13,normal
A006,2025-11-02 20:00:00,55.55,0.98,89.0,34.71,normal
A006,2025-11-02 21:00:00,53.49,1.02,80.41,39.36,normal
A006,2025-11-02 22:00:00,48.81,0.71,79.94,36.8,normal
A006,2025-11-02 23:00:00,60.49,0.44,106.29,26.96,normal
A006,2025-11-03 00:00:00,61.88,0.63,98.52,28.85,normal
A006,2025-11-03 01:00:00,50.09,1.06,86.06,36.6,normal
A006,2025-11-03 02:00:00,41.05,0.71,98.09,32.08,normal
A006,2025-11-03 03:00:00,46.19,0.6,90.28,35.52,normal
A006,2025-11-03 04:00:00,41.5,1.05,92.09,30.08,normal
A006,2025-11-03 05:00:00,68.42,0.8,107.76,32.7,normal
A006,2025-11-03 06:00:00,43.11,0.48,83.86,35.98,normal
A006,2025-11-03 07:00:00,52.14,0.8,103.45,34.46,normal
A006,2025-11-03 08:00:00,56.33,1.19,87.84,39.69,normal
A006,2025-11-03 09:00:00,32.54,1.35,82.67,31.65,normal
A006,2025-11-03 10:00:00,51.02,0.19,104.42,32.44,normal
A006,2025-11-03 11:00:00,32.43,1.48,87.6,35.04,normal
A006,2025-11-03 12:00:00,43.2,1.32,81.13,38.86,normal
A006,2025-11-03 13:00:00,29.66,0.92,96.4,28.42,normal
A006,2025-11-03 14:00:00,26.83,0.64,93.86,39.19,normal
A006,2025-11-03 15:00:00,28.3,0.78,75.35,41.57,normal
A006,2025-11-03 16:00:00,19.74,-0.05,98.14,35.64,normal
A006,2025-11-03 17:00:00,76.23,0.68,87.66,48.19,normal
A006,2025-11-03 18:00:00,25.75,0.73,87.51,38.13,normal
A006,2025-11-03 19:00:00,83.23,0.97,79.25,35.62,normal
A006,2025-11-03 20:00:00,53.69,0.56,104.82,33.58,normal
A006,2025-11-03 21:00:00,45.15,0.45,91.98,37.0,normal
A006,2025-11-03 22:00:00,37.16,0.81,96.52,26.84,normal
A006,2025-11-03 23:00:00,31.13,1.02,99.31,38.66,normal
A006,2025-11-04 00:00:00,62.92,0.88,87.69,32.12,normal
A006,2025-11-04 01:00:00,63.46,1.14,83.26,31.28,normal
A006,2025-11-04 02:00:00,28.35,0.66,89.17,36.22,normal
A006,2025-11-04 03:00:00,45.59,0.88,94.33,32.46,normal
A006,2025-11-04 04:00:00,51.89,0.66,80.07,27.77,normal
A006,2025-11-04 05:00:00,44.02,1.17,88.77,37.94,normal
A006,2025-11-04 06:00:00,64.33,0.79,83.92,37.96,normal
A006,2025-11-04 07:00:00,43.05,1.03,91.26,29.11,normal
A006,2025-11-04 08:00:00,187.64,3.65,39.99,50.22,anomalie
A006,2025-11-04 09:00:00,50.52,1.4,89.12,42.94,normal
A006,2025-11-04 10:00:00,34.31,0.94,92.91,39.79,normal
A006,2025-11-04 11:00:00,50.33,0.97,91.93,31.74,normal
A006,2025-11-04 12:00:00,57.78,0.95,90.02,37.07,normal
A006,2025-11-04 13:00:00,118.23,5.09,59.66,60.92,anomalie
A006,2025-11-04 14:00:00,46.46,0.68,84.65,36.47,normal
A006,2025-11-04 15:00:00,67.76,0.62,96.61,28.68,normal
A006,2025-11-04 16:00:00,60.08,0.92,80.06,36.25,normal
A006,2025-11-04 17:00:00,57.45,0.55,85.96,36.33,normal
A006,2025-11-04 18:00:00,59.68,0.81,66.8,38.91,normal
A006,2025-11-04 19:00:00,0.87,0.55,102.09,34.83,normal
A006,2025-11-04 20:00:00,24.64,0.51,117.55,33.47,normal
A006,2025-11-04 21:00:00,49.0,1.24,82.67,33.45,normal
A006,2025-11-04 22:00:00,48.28,0.88,88.5,28.68,normal
A006,2025-11-04 23:00:00,49.22,0.76,111.5,44.17,normal
A006,2025-11-05 00:00:00,57.61,0.78,76.05,31.46,normal
A006,2025-11-05 01:00:00,209.26,3.85,32.42,48.01,anomalie
A006,2025-11-05 02:00:00,59.89,0.56,93.07,33.76,normal
A006,2025-11-05 03:00:00,85.88,6.69,52.98,42.2,anomalie
A006,2025-11-05 04:00:00,51.27,1.04,99.24,29.75,normal
A006,2025-11-05 05:00:00,44.32,0.84,90.51,42.45,normal
A006,2025-11-05 06:00:00,42.97,0.57,103.51,31.73,normal
A006,2025-11-05 07:00:00,47.02,0.54,91.87,37.95,normal
A006,2025-11-05 08:00:00,17.33,0.64,84.38,37.4,normal
A006,2025-11-05 09:00:00,85.07,0.73,91.1,38.08,normal
A006,2025-11-05 10:00:00,63.06,1.08,91.31,34.29,normal
A006,2025-11-05 11:00:00,34.3,0.55,76.35,31.45,normal
A006,2025-11-05 12:00:00,194.16,3.58,37.58,51.2,anomalie
A006,2025-11-05 13:00:00,43.2,0.65,98.69,26.58,normal
A006,2025-11-05 14:00:00,39.78,1.09,99.94,41.87,normal
A006,2025-11-05 15:00:00,52.57,0.92,85.33,31.87,normal
A006,2025-11-05 16:00:00,149.69,4.84,30.9,57.31,anomalie
A006,2025-11-05 17:00:00,49.92,0.6,87.46,30.17,normal
A006,2025-11-05 18:00:00,60.06,0.98,86.08,29.91,normal
A006,2025-11-05 19:00:00,55.71,0.67,80.99,38.02,normal
A006,2025-11-05 20:00:00,54.02,0.55,84.82,41.63,normal
A006,2025-11-05 21:00:00,51.69,1.06,85.79,29.34,normal
A006,2025-11-05 22:00:00,70.27,1.19,106.64,36.53,normal
A006,2025-11-05 23:00:00,96.4,3.2,32.34,51.59,anomalie
A006,2025-11-06 00:00:00,66.45,0.14,105.34,40.61,normal
A006,2025-11-06 01:00:00,44.49,0.72,88.16,35.94,normal
A006,2025-11-06 02:00:00,50.05,1.17,99.83,28.0,normal
A006,2025-11-06 03:00:00,83.08,1.16,77.41,38.94,normal
A006,2025-11-06 04:00:00,44.21,0.93,92.4,41.27,normal
A006,2025-11-06 05:00:00,36.24,1.0,100.59,35.99,normal
A006,2025-11-06 06:00:00,49.23,0.95,86.81,29.85,normal
A006,2025-11-06 07:00:00,213.88,2.68,44.51,59.57,anomalie
A006,2025-11-06 08:00:00,72.93,0.78,79.92,24.57,normal
A006,2025-11-06 09:00:00,56.59,0.13,84.89,40.7,normal
A006,2025-11-06 10:00:00,32.03,1.07,92.87,34.26,normal
A006,2025-11-06 11:00:00,77.87,1.09,90.84,33.32,normal
A006,2025-11-06 12:00:00,18.51,1.0,88.85,37.83,normal
A006,2025-11-06 13:00:00,54.69,1.33,73.69,35.28,normal
A006,2025-11-06 14:00:00,43.64,0.66,72.04,33.35,normal
A006,2025-11-06 15:00:00,178.73,7.06,38.1,68.08,anomalie
A006,2025-11-06 16:00:00,50.13,0.73,90.77,32.44,normal
A006,2025-11-06 17:00:00,50.64,0.95,96.67,34.69,normal
A006,2025-11-06 18:00:00,49.13,0.58,88.14,27.0,normal
A006,2025-11-06 19:00:00,22.61,1.11,90.14,28.69,normal
A006,2025-11-06 20:00:00,31.46,1.18,97.31,37.69,normal
A006,2025-11-06 21:00:00,53.49,1.07,85.31,35.15,normal
A006,2025-11-06 22:00:00,82.78,0.59,106.24,36.92,normal
A006,2025-11-06 23:00:00,37.37,0.84,105.08,32.4,normal
A006,2025-11-07 00:00:00,18.88,0.79,101.22,34.07,normal
A006,2025-11-07 01:00:00,46.68,0.89,86.74,38.7,normal
A006,2025-11-07 02:00:00,60.64,0.81,88.61,32.88,normal
A006,2025-11-07 03:00:00,30.94,0.67,70.98,28.75,normal
A006,2025-11-07 04:00:00,127.42,5.52,23.59,64.65,anomalie
A006,2025-11-07 05:00:00,38.41,1.07,105.88,38.26,normal
A006,2025-11-07 06:00:00,50.62,1.11,93.34,42.39,normal
A006,2025-11-07 07:00:00,24.0,0.87,90.86,32.88,normal
A006,2025-11-07 08:00:00,49.74,0.95,90.85,31.43,normal
A006,2025-11-07 09:00:00,59.4,0.72,94.52,28.95,normal
A006,2025-11-07 10:00:00,48.27,0.7,98.89,29.39,normal
A006,2025-11-07 11:00:00,240.19,3.28,41.95,54.17,anomalie
A006,2025-11-07 12:00:00,53.72,0.82,94.0,36.01,normal
A006,2025-11-07 13:00:00,51.13,0.49,92.47,30.02,normal
A006,2025-11-07 14:00:00,49.4,0.38,88.66,37.6,normal
A006,2025-11-07 15:00:00,61.24,1.26,82.65,26.72,normal
A006,2025-11-07 16:00:00,46.14,0.78,96.89,31.58,normal
A006,2025-11-07 17:00:00,49.24,0.55,95.89,38.33,normal
A006,2025-11-07 18:00:00,56.54,1.05,93.93,37.27,normal
A006,2025-11-07 19:00:00,58.74,0.66,85.55,32.21,normal
A006,2025-11-07 20:00:00,41.39,0.96,100.34,32.96,normal
A006,2025-11-07 21:00:00,61.97,0.45,88.98,39.95,normal
A006,2025-11-07 22:00:00,57.77,0.64,81.31,34.95,normal
A006,2025-11-07 23:00:00,32.49,0.8,70.69,31.63,normal
A007,2025-11-01 00:00:00,48.62,0.8,97.95,39.87,normal
A007,2025-11-01 01:00:00,35.12,0.63,78.51,36.28,normal
A007,2025-11-01 02:00:00,58.25,1.34,76.98,25.73,normal
A007,2025-11-01 03:00:00,56.9,0.87,82.13,28.03,normal
A007,2025-11-01 04:00:00,44.47,0.86,80.82,43.66,normal
A007,2025-11-01 05:00:00,46.58,1.23,81.1,27.39,normal
A007,2025-11-01 06:00:00,37.3,1.08,86.69,32.45,normal
A007,2025-11-01 07:00:00,65.0,1.53,72.91,41.15,normal
A007,2025-11-01 08:00:00,34.61,0.82,91.07,29.61,normal
A007,2025-11-01 09:00:00,135.31,3.54,23.02,58.02,anomalie
A007,2025-11-01 10:00:00,76.77,0.8,87.75,30.36,normal
A007,2025-11-01 11:00:00,69.81,0.85,94.44,32.63,normal
A007,2025-11-01 12:00:00,77.11,0.95,79.44,33.72,normal
A007,2025-11-01 13:00:00,83.19,0.92,96.76,33.65,normal
A007,2025-11-01 14:00:00,48.47,0.55,97.51,38.27,normal
A007,2025-11-01 15:00:00,45.5,0.95,98.77,34.02,normal
A007,2025-11-01 16:00:00,62.29,0.93,80.34,32.31,normal
A007,2025-11-01 17:00:00,27.09,0.65,81.84,33.0,normal
A007,2025-11-01 18:00:00,25.59,1.41,102.53,31.1,normal
A007,2025-11-01 19:00:00,38.52,1.15,83.42,37.31,normal
A007,2025-11-01 20:00:00,66.38,0.64,76.64,38.62,normal
A007,2025-11-01 21:00:00,81.72,0.91,95.15,33.12,normal
A007,2025-11-01 22:00:00,27.94,0.42,82.24,35.39,normal
A007,2025-11-01 23:00:00,60.16,0.48,92.77,41.79,normal
A007,2025-11-02 00:00:00,31.75,1.21,83.95,39.55,normal
A007,2025-11-02 01:00:00,39.7,1.22,86.15,25.66,normal
A007,2025-11-02 02:00:00,126.15,5.27,51.34,62.91,anomalie
A007,2025-11-02 03:00:00,37.68,0.75,75.0,33.27,normal
A007,2025-11-02 04:00:00,45.91,1.17,81.95,35.94,normal
A007,2025-11-02 05:00:00,47.3,1.21,80.16,32.74,normal
A007,2025-11-02 06:00:00,66.26,0.86,91.98,34.95,normal
A007,2025-11-02 07:00:00,51.79,2.57,38.42,59.77,anomalie
A007,2025-11-02 08:00:00,38.42,0.65,84.87,30.99,normal
A007,2025-11-02 09:00:00,56.53,0.71,82.55,33.35,normal
A007,2025-11-02 10:00:00,34.19,0.93,72.98,32.19,normal
A007,2025-11-02 11:00:00,53.91,0.79,88.41,32.57,normal
A007,2025-11-02 12:00:00,20.02,0.81,96.14,36.88,normal
A007,2025-11-02 13:00:00,56.12,0.91,102.75,35.99,normal
A007,2025-11-02 14:00:00,25.52,0.53,71.93,33.63,normal
A007,2025-11-02 15:00:00,40.57,0.71,83.1,35.21,normal
A007,2025-11-02 16:00:00,47.15,0.35,103.63,33.48,normal
A007,2025-11-02 17:00:00,45.41,2.99,39.37,42.89,anomalie
A007,2025-11-02 18:00:00,56.47,1.02,115.72,23.75,normal
A007,2025-11-02 19:00:00,42.13,0.96,96.6,29.63,normal
A007,2025-11-02 20:00:00,62.63,0.81,103.51,27.44,normal
A007,2025-11-02 21:00:00,109.61,2.38,62.97,49.67,anomalie
A007,2025-11-02 22:00:00,110.09,6.11,21.35,60.56,anomalie
A007,2025-11-02 23:00:00,37.13,0.33,93.06,28.73,normal
A007,2025-11-03 00:00:00,37.23,0.8,74.68,40.75,normal
A007,2025-11-03 01:00:00,29.99,0.71,95.87,31.63,normal
A007,2025-11-03 02:00:00,39.36,0.99,86.18,25.12,normal
A007,2025-11-03 03:00:00,35.3,0.68,59.29,38.89,normal
A007,2025-11-03 04:00:00,47.34,1.0,99.64,34.9,normal
A007,2025-11-03 05:00:00,69.3,3.64,41.55,60.07,anomalie
A007,2025-11-03 06:00:00,55.13,0.78,83.98,31.83,normal
A007,2025-11-03 07:00:00,43.77,0.46,92.15,38.83,normal
A007,2025-11-03 08:00:00,54.8,0.38,85.58,35.55,normal
A007,2025-11-03 09:00:00,200.0,3.73,43.95,62.16,anomalie
A007,2025-11-03 10:00:00,66.35,0.58,70.33,34.89,normal
A007,2025-11-03 11:00:00,55.84,1.05,90.86,32.06,normal
A007,2025-11-03 12:00:00,44.4,0.65,88.3,43.18,normal
A007,2025-11-03 13:00:00,59.3,0.16,101.84,40.18,normal
A007,2025-11-03 14:00:00,14.24,1.02,91.34,37.14,normal
A007,2025-11-03 15:00:00,71.11,0.44,75.89,34.32,normal
A007,2025-11-03 16:00:00,48.07,0.6,68.06,43.0,normal
A007,2025-11-03 17:00:00,57.68,0.99,97.35,35.31,normal
A007,2025-11-03 18:00:00,42.75,1.05,79.49,22.34,normal
A007,2025-11-03 19:00:00,38.2,0.56,107.99,39.29,normal
A007,2025-11-03 20:00:00,67.93,0.34,95.05,38.13,normal
A007,2025-11-03 21:00:00,59.21,0.12,83.32,31.09,normal
A007,2025-11-03 22:00:00,37.15,0.62,101.19,35.07,normal
A007,2025-11-03 23:00:00,46.71,0.61,93.31,43.09,normal
A007,2025-11-04 00:00:00,47.59,1.55,79.44,33.23,normal
A007,2025-11-04 01:00:00,59.71,0.31,76.64,45.68,normal
A007,2025-11-04 02:00:00,44.52,0.3,110.36,37.34,normal
A007,2025-11-04 03:00:00,179.83,1.99,57.62,48.95,anomalie
A007,2025-11-04 04:00:00,49.56,1.03,79.54,34.87,normal
A007,2025-11-04 05:00:00,55.97,0.72,110.18,36.15,normal
A007,2025-11-04 06:00:00,54.1,0.5,89.97,32.33,normal
A007,2025-11-04 07:00:00,128.81,1.64,47.15,47.88,anomalie
A007,2025-11-04 08:00:00,74.65,0.92,101.68,31.38,normal
A007,2025-11-04 09:00:00,180.72,4.21,35.58,54.19,anomalie
A007,2025-11-04 10:00:00,160.68,1.63,41.91,48.1,anomalie
A007,2025-11-04 11:00:00,57.29,0.7,106.2,31.91,normal
A007,2025-11-04 12:00:00,30.94,0.69,98.99,35.19,normal
A007,2025-11-04 13:00:00,52.76,0.68,98.57,35.76,normal
A007,2025-11-04 14:00:00,167.64,3.29,49.07,32.04,anomalie
A007,2025-11-04 15:00:00,79.91,0.66,89.5,28.75,normal
A007,2025-11-04 16:00:00,54.92,1.09,81.89,36.83,normal
A007,2025-11-04 17:00:00,55.27,0.66,92.05,34.44,normal
A007,2025-11-04 18:00:00,38.26,1.01,110.85,29.96,normal
A007,2025-11-04 19:00:00,45.21,0.96,90.75,41.59,normal
A007,2025-11-04 20:00:00,61.41,0.28,83.92,42.84,normal
A007,2025-11-04 21:00:00,66.08,1.1,73.18,33.52,normal
A007,2025-11-04 22:00:00,192.34,4.7,52.74,44.47,anomalie
A007,2025-11-04 23:00:00,26.19,0.8,103.85,32.76,normal
A007,2025-11-05 00:00:00,24.05,1.2,114.97,35.23,normal
A007,2025-11-05 01:00:00,69.26,-0.26,94.51,32.67,normal
A007,2025-11-05 02:00:00,55.4,0.65,80.49,33.29,normal
A007,2025-11-05 03:00:00,41.35,0.58,72.84,28.14,normal
A007,2025-11-05 04:00:00,30.98,0.75,90.68,26.27,normal
A007,2025-11-05 05:00:00,67.69,1.4,92.85,35.7,normal
A007,2025-11-05 06:00:00,126.93,1.81,37.14,55.93,anomalie
A007,2025-11-05 07:00:00,85.28,0.63,93.74,39.26,normal
A007,2025-11-05 08:00:00,51.31,0.49,98.57,36.99,normal
A007,2025-11-05 09:00:00,55.43,0.9,87.82,36.92,normal
A007,2025-11-05 10:00:00,58.34,0.23,85.66,43.61,normal
A007,2025-11-05 11:00:00,58.51,0.49,86.8,22.97,normal
A007,2025-11-05 12:00:00,52.04,0.78,88.55,35.22,normal
A007,2025-11-05 13:00:00,44.31,1.01,92.13,33.33,normal
A007,2025-11-05 14:00:00,40.58,0.83,93.38,30.04,normal
A007,2025-11-05 15:00:00,96.35,0.88,91.15,34.72,normal
A007,2025-11-05 16:00:00,44.24,0.86,89.82,30.12,normal
A007,2025-11-05 17:00:00,15.96,0.74,80.97,36.7,normal
A007,2025-11-05 18:00:00,58.56,0.7,84.81,39.27,normal
A007,2025-11-05 19:00:00,21.43,0.88,84.13,34.07,normal
A007,2025-11-05 20:00:00,51.61,0.7,96.26,34.6,normal
A007,2025-11-05 21:00:00,26.63,1.65,86.09,35.92,normal
A007,2025-11-05 22:00:00,60.46,0.55,93.08,28.49,normal
A007,2025-11-05 23:00:00,17.23,0.88,98.49,28.63,normal
A007,2025-11-06 00:00:00,47.93,0.98,88.93,44.71,normal
A007,2025-11-06 01:00:00,45.06,0.29,108.51,33.69,normal
A007,2025-11-06 02:00:00,45.73,0.77,120.98,33.71,normal
A007,2025-11-06 03:00:00,55.68,1.01,109.13,24.13,normal
A007,2025-11-06 04:00:00,15.44,0.69,117.03,33.85,normal
A007,2025-11-06 05:00:00,54.38,1.0,82.19,36.3,normal
A007,2025-11-06 06:00:00,13.47,1.01,81.85,35.88,normal
A007,2025-11-06 07:00:00,77.51,0.98,83.51,33.6,normal
A007,2025-11-06 08:00:00,41.05,0.3,88.91,35.17,normal
A007,2025-11-06 09:00:00,23.53,0.89,93.14,38.33,normal
A007,2025-11-06 10:00:00,52.76,0.67,70.95,42.22,normal
A007,2025-11-06 11:00:00,59.93,0.47,75.43,44.33,normal
A007,2025-11-06 12:00:00,60.81,0.64,119.27,30.03,normal
A007,2025-11-06 13:00:00,36.64,0.99,80.93,42.86,normal
A007,2025-11-06 14:00:00,16.65,0.64,86.99,31.84,normal
A007,2025-11-06 15:00:00,31.42,1.09,76.25,34.11,normal
A007,2025-11-06 16:00:00,40.14,0.59,83.47,33.07,normal
A007,2025-11-06 17:00:00,29.6,1.17,94.88,43.84,normal
A007,2025-11-06 18:00:00,37.74,0.9,65.96,41.96,normal
A007,2025-11-06 19:00:00,64.72,0.88,76.09,32.59,normal
A007,2025-11-06 20:00:00,16.01,0.69,87.72,38.58,normal
A007,2025-11-06 21:00:00,66.51,0.69,101.9,42.86,normal
A007,2025-11-06 22:00:00,50.56,1.13,89.3,22.39,normal
A007,2025-11-06 23:00:00,20.15,0.6,88.16,29.51,normal
A007,2025-11-07 00:00:00,75.07,0.53,95.06,34.57,normal
A007,2025-11-07 01:00:00,48.21,0.83,73.48,29.8,normal
A007,2025-11-07 02:00:00,59.69,0.47,102.52,35.81,normal
A007,2025-11-07 03:00:00,52.45,0.48,88.84,38.04,normal
A007,2025-11-07 04:00:00,60.09,0.85,101.81,37.02,normal
A007,2025-11-07 05:00:00,61.19,0.6,88.42,32.32,normal
A007,2025-11-07 06:00:00,75.1,0.93,102.27,27.1,normal
A007,2025-11-07 07:00:00,81.32,1.01,86.5,33.99,normal
A007,2025-11-07 08:00:00,50.02,0.34,94.93,39.17,normal
A007,2025-11-07 09:00:00,106.66,1.7,20.71,43.49,anomalie
A007,2025-11-07 10:00:00,39.25,1.04,95.31,39.29,normal
A007,2025-11-07 11:00:00,76.02,0.51,112.08,32.03,normal
A007,2025-11-07 12:00:00,50.52,0.39,103.68,35.63,normal
A007,2025-11-07 13:00:00,38.46,0.9,90.03,44.05,normal
A007,2025-11-07 14:00:00,140.9,0.73,45.89,55.93,anomalie
A007,2025-11-07 15:00:00,65.2,1.16,90.94,29.82,normal
A007,2025-11-07 16:00:00,73.86,0.63,82.03,35.2,normal
A007,2025-11-07 17:00:00,57.48,1.03,99.39,28.88,normal
A007,2025-11-07 18:00:00,62.95,0.85,101.53,28.91,normal
A007,2025-11-07 19:00:00,27.52,1.14,83.36,29.86,normal
A007,2025-11-07 20:00:00,46.79,1.05,86.79,27.07,normal
A007,2025-11-07 21:00:00,66.49,0.74,78.22,36.13,normal
A007,2025-11-07 22:00:00,82.68,0.86,88.53,39.82,normal
A007,2025-11-07 23:00:00,48.87,1.3,73.64,39.84,normal
A008,2025-11-01 00:00:00,92.63,3.63,33.55,41.73,anomalie
A008,2025-11-01 01:00:00,39.14,0.65,91.51,44.82,normal
A008,2025-11-01 02:00:00,62.94,0.29,98.2,39.09,normal
A008,2025-11-01 03:00:00,45.82,1.42,86.45,35.55,normal
A008,2025-11-01 04:00:00,50.03,1.26,76.55,30.69,normal
A008,2025-11-01 05:00:00,61.26,0.92,101.84,31.54,normal
A008,2025-11-01 06:00:00,51.12,1.11,116.42,37.99,normal
A008,2025-11-01 07:00:00,84.82,0.98,80.92,34.8,normal
A008,2025-11-01 08:00:00,140.95,4.26,43.14,57.48,anomalie
A008,2025-11-01 09:00:00,37.48,1.32,79.28,41.51,normal
A008,2025-11-01 10:00:00,29.95,1.2,105.49,36.6,normal
A008,2025-11-01 11:00:00,30.55,0.6,82.34,34.53,normal
A008,2025-11-01 12:00:00,188.68,4.5,24.94,47.81,anomalie
A008,2025-11-01 13:00:00,60.55,0.76,106.46,47.71,normal
A008,2025-11-01 14:00:00,53.5,0.58,84.12,36.15,normal
A008,2025-11-01 15:00:00,57.65,0.58,86.55,25.64,normal
A008,2025-11-01 16:00:00,58.01,0.58,100.41,28.67,normal
A008,2025-11-01 17:00:00,38.57,0.92,74.65,32.73,normal
A008,2025-11-01 18:00:00,58.28,0.7,88.86,35.74,normal
A008,2025-11-01 19:00:00,46.95,0.57,99.5,41.36,normal
A008,2025-11-01 20:00:00,37.76,0.36,93.02,32.26,normal
A008,2025-11-01 21:00:00,93.72,5.68,43.75,44.9,anomalie
A008,2025-11-01 22:00:00,42.74,0.79,89.83,38.42,normal
A008,2025-11-01 23:00:00,69.91,1.46,86.37,27.84,normal
A008,2025-11-02 00:00:00,38.4,0.54,97.25,37.24,normal
A008,2025-11-02 01:00:00,27.76,0.69,73.24,35.54,normal
A008,2025-11-02 02:00:00,52.15,1.06,77.49,27.34,normal
A008,2025-11-02 03:00:00,106.95,5.57,27.43,44.13,anomalie
A008,2025-11-02 04:00:00,47.64,0.44,105.91,39.38,normal
A008,2025-11-02 05:00:00,52.92,1.12,82.73,34.49,normal
A008,2025-11-02 06:00:00,56.25,1.15,89.77,41.39,normal
A008,2025-11-02 07:00:00,64.72,1.0,89.6,25.54,normal
A008,2025-11-02 08:00:00,68.38,1.99,39.23,48.42,anomalie
A008,2025-11-02 09:00:00,31.04,0.39,90.88,39.87,normal
A008,2025-11-02 10:00:00,94.92,5.93,47.74,48.21,anomalie
A008,2025-11-02 11:00:00,42.44,0.97,73.95,30.36,normal
A008,2025-11-02 12:00:00,50.18,0.44,87.34,41.85,normal
A008,2025-11-02 13:00:00,57.0,1.04,73.0,34.67,normal
A008,2025-11-02 14:00:00,113.99,3.11,50.96,47.68,anomalie
A008,2025-11-02 15:00:00,131.62,2.96,47.32,31.51,anomalie
A008,2025-11-02 16:00:00,46.75,0.52,103.33,39.64,normal
A008,2025-11-02 17:00:00,59.88,0.67,93.71,37.48,normal
A008,2025-11-02 18:00:00,58.06,0.99,73.06,40.03,normal
A008,2025-11-02 19:00:00,50.41,0.48,71.97,40.47,normal
A008,2025-11-02 20:00:00,70.85,0.4,79.97,33.34,normal
A008,2025-11-02 21:00:00,204.49,3.87,42.8,54.56,anomalie
A008,2025-11-02 22:00:00,44.56,1.02,89.08,29.59,normal
A008,2025-11-02 23:00:00,48.83,0.66,79.6,37.11,normal
A008,2025-11-03 00:00:00,31.86,0.82,91.13,35.93,normal
A008,2025-11-03 01:00:00,36.23,0.99,96.65,29.89,normal
A008,2025-11-03 02:00:00,71.73,0.71,87.59,42.33,normal
A008,2025-11-03 03:00:00,56.77,1.1,82.46,30.47,normal
A008,2025-11-03 04:00:00,44.8,0.62,87.78,27.8,normal
A008,2025-11-03 05:00:00,54.6,0.63,83.84,36.43,normal
A008,2025-11-03 06:00:00,20.79,1.09,81.89,39.28,normal
A008,2025-11-03 07:00:00,81.11,0.56,96.91,29.56,normal
A008,2025-11-03 08:00:00,84.87,0.64,99.57,34.47,normal
A008,2025-11-03 09:00:00,56.04,0.94,75.74,32.64,normal
A008,2025-11-03 10:00:00,42.25,0.99,103.92,35.56,normal
A008,2025-11-03 11:00:00,78.22,5.65,31.07,60.42,anomalie
A008,2025-11-03 12:00:00,36.11,0.77,88.56,34.17,normal
A008,2025-11-03 13:00:00,64.6,0.99,73.46,29.83,normal
A008,2025-11-03 14:00:00,91.7,0.49,76.46,38.67,normal
A008,2025-11-03 15:00:00,49.8,0.7,84.0,25.18,normal
A008,2025-11-03 16:00:00,20.27,0.35,98.98,40.62,normal
A008,2025-11-03 17:00:00,59.36,0.37,71.92,40.91,normal
A008,2025-11-03 18:00:00,37.69,0.67,87.41,34.06,normal
A008,2025-11-03 19:00:00,55.94,0.84,110.99,28.07,normal
A008,2025-11-03 20:00:00,63.6,0.82,110.58,27.81,normal
A008,2025-11-03 21:00:00,31.0,0.93,107.02,34.82,normal
A008,2025-11-03 22:00:00,20.87,0.8,74.1,31.68,normal
A008,2025-11-03 23:00:00,39.98,0.64,71.66,36.3,normal
A008,2025-11-04 00:00:00,54.95,0.56,86.34,37.52,normal
A008,2025-11-04 01:00:00,154.69,4.86,43.56,43.08,anomalie
A008,2025-11-04 02:00:00,55.47,0.6,77.16,42.38,normal
A008,2025-11-04 03:00:00,46.5,0.96,92.28,26.76,normal
A008,2025-11-04 04:00:00,41.74,0.95,81.86,42.5,normal
A008,2025-11-04 05:00:00,46.76,0.5,66.74,33.21,normal
A008,2025-11-04 06:00:00,52.03,0.7,76.55,33.59,normal
A008,2025-11-04 07:00:00,49.05,1.22,99.57,28.02,normal
A008,2025-11-04 08:00:00,61.76,0.53,82.34,32.69,normal
A008,2025-11-04 09:00:00,50.51,1.02,99.03,33.37,normal
A008,2025-11-04 10:00:00,33.52,0.61,74.93,29.98,normal
A008,2025-11-04 11:00:00,59.26,0.3,96.57,34.3,normal
A008,2025-11-04 12:00:00,31.88,1.04,81.5,32.59,normal
A008,2025-11-04 13:00:00,18.93,1.1,118.61,36.49,normal
A008,2025-11-04 14:00:00,248.83,2.13,36.82,53.97,anomalie
A008,2025-11-04 15:00:00,53.57,0.5,75.67,35.61,normal
A008,2025-11-04 16:00:00,56.03,1.2,91.08,30.47,normal
A008,2025-11-04 17:00:00,58.09,1.17,94.73,31.1,normal
A008,2025-11-04 18:00:00,49.0,0.69,102.27,28.95,normal
A008,2025-11-04 19:00:00,61.98,0.85,77.31,43.93,normal
A008,2025-11-04 20:00:00,69.03,0.95,77.77,42.12,normal
A008,2025-11-04 21:00:00,34.42,1.19,95.9,47.7,normal
A008,2025-11-04 22:00:00,9.45,0.9,86.52,34.63,normal
A008,2025-11-04 23:00:00,136.32,1.26,51.74,67.24,anomalie
A008,2025-11-05 00:00:00,214.61,5.03,32.0,68.29,anomalie
A008,2025-11-05 01:00:00,42.07,0.65,80.96,26.01,normal
A008,2025-11-05 02:00:00,23.74,0.75,90.82,33.15,normal
A008,2025-11-05 03:00:00,61.09,0.68,96.16,37.13,normal
A008,2025-11-05 04:00:00,204.29,1.94,48.94,48.47,anomalie
A008,2025-11-05 05:00:00,74.94,0.73,102.18,37.4,normal
A008,2025-11-05 06:00:00,47.1,1.24,89.78,38.54,normal
A008,2025-11-05 07:00:00,58.74,0.95,77.05,36.1,normal
A008,2025-11-05 08:00:00,82.15,0.66,91.59,40.78,normal
A008,2025-11-05 09:00:00,32.73,0.51,83.48,35.22,normal
A008,2025-11-05 10:00:00,45.68,0.87,87.3,27.28,normal
A008,2025-11-05 11:00:00,45.37,1.26,95.17,41.33,normal
A008,2025-11-05 12:00:00,46.76,0.45,104.7,31.89,normal
A008,2025-11-05 13:00:00,32.88,0.68,94.01,27.74,normal
A008,2025-11-05 14:00:00,30.66,0.82,99.13,37.11,normal
A008,2025-11-05 15:00:00,182.15,2.61,58.19,43.93,anomalie
A008,2025-11-05 16:00:00,60.23,1.09,77.74,45.98,normal
A008,2025-11-05 17:00:00,49.98,0.98,91.36,38.53,normal
A008,2025-11-05 18:00:00,28.42,0.73,66.22,35.96,normal
A008,2025-11-05 19:00:00,33.65,0.76,105.15,37.05,normal
A008,2025-11-05 20:00:00,26.48,0.94,86.07,31.19,normal
A008,2025-11-05 21:00:00,45.86,0.7,83.29,35.68,normal
A008,2025-11-05 22:00:00,44.04,0.79,79.01,43.98,normal
A008,2025-11-05 23:00:00,58.96,0.46,77.58,33.38,normal
A008,2025-11-06 00:00:00,66.59,0.86,92.57,33.28,normal
A008,2025-11-06 01:00:00,55.2,0.59,96.52,34.57,normal
A008,2025-11-06 02:00:00,30.96,1.26,88.89,36.5,normal
A008,2025-11-06 03:00:00,45.84,0.95,85.94,27.06,normal
A008,2025-11-06 04:00:00,39.2,0.52,77.46,33.93,normal
A008,2025-11-06 05:00:00,42.51,0.87,103.15,41.42,normal
A008,2025-11-06 06:00:00,64.04,1.03,90.3,30.51,normal
A008,2025-11-06 07:00:00,57.15,0.65,89.05,29.44,normal
A008,2025-11-06 08:00:00,50.24,0.84,84.84,30.37,normal
A008,2025-11-06 09:00:00,33.32,0.51,97.75,35.9,normal
A008,2025-11-06 10:00:00,57.81,0.48,99.97,40.64,normal
A008,2025-11-06 11:00:00,48.79,1.04,88.37,40.93,normal
A008,2025-11-06 12:00:00,46.26,0.45,85.87,35.16,normal
A008,2025-11-06 13:00:00,187.69,6.01,40.53,52.93,anomalie
A008,2025-11-06 14:00:00,65.73,0.78,107.45,39.3,normal
A008,2025-11-06 15:00:00,34.04,1.3,104.12,35.32,normal
A008,2025-11-06 16:00:00,37.89,0.73,79.55,43.92,normal
A008,2025-11-06 17:00:00,42.95,0.86,104.06,37.42,normal
A008,2025-11-06 18:00:00,62.18,0.9,119.35,29.86,normal
A008,2025-11-06 19:00:00,48.21,1.08,82.87,27.47,normal
A008,2025-11-06 20:00:00,34.98,0.52,80.45,37.59,normal
A008,2025-11-06 21:00:00,48.62,0.75,94.13,36.44,normal
A008,2025-11-06 22:00:00,20.88,0.08,93.46,37.46,normal
A008,2025-11-06 23:00:00,63.62,0.93,89.98,34.94,normal
A008,2025-11-07 00:00:00,54.46,1.3,68.76,37.07,normal
A008,2025-11-07 01:00:00,35.72,1.34,97.19,37.13,normal
A008,2025-11-07 02:00:00,16.74,0.45,79.03,39.11,normal
A008,2025-11-07 03:00:00,46.77,1.1,87.5,33.16,normal
A008,2025-11-07 04:00:00,68.03,0.8,90.58,33.67,normal
A008,2025-11-07 05:00:00,43.67,1.01,101.18,40.99,normal
A008,2025-11-07 06:00:00,48.67,0.66,98.9,31.96,normal
A008,2025-11-07 07:00:00,83.74,0.53,101.68,36.86,normal
A008,2025-11-07 08:00:00,35.77,0.53,66.5,43.36,normal
A008,2025-11-07 09:00:00,53.89,0.65,83.8,32.07,normal
A008,2025-11-07 10:00:00,56.62,0.37,81.63,24.47,normal
A008,2025-11-07 11:00:00,42.96,0.68,88.26,40.01,normal
A008,2025-11-07 12:00:00,49.96,0.64,109.92,44.17,normal
A008,2025-11-07 13:00:00,41.69,0.58,89.93,29.37,normal
A008,2025-11-07 14:00:00,47.41,0.67,94.42,31.25,normal
A008,2025-11-07 15:00:00,42.73,0.94,73.72,40.3,normal
A008,2025-11-07 16:00:00,41.33,0.72,83.64,32.17,normal
A008,2025-11-07 17:00:00,31.28,1.05,90.12,33.46,normal
A008,2025-11-07 18:00:00,51.38,0.94,115.3,30.03,normal
A008,2025-11-07 19:00:00,42.3,1.09,82.12,30.64,normal
A008,2025-11-07 20:00:00,50.34,1.31,91.51,33.54,normal
A008,2025-11-07 21:00:00,64.61,0.43,99.49,34.1,normal
A008,2025-11-07 22:00:00,79.0,0.88,89.88,40.15,normal
A008,2025-11-07 23:00:00,38.23,1.01,99.91,33.49,normal
A009,2025-11-01 00:00:00,29.75,0.66,76.53,30.51,normal
A009,2025-11-01 01:00:00,37.08,1.05,68.02,30.59,normal
A009,2025-11-01 02:00:00,39.07,0.74,91.8,30.93,normal
A009,2025-11-01 03:00:00,25.99,0.23,90.25,31.63,normal
A009,2025-11-01 04:00:00,31.33,0.93,82.92,32.31,normal
A009,2025-11-01 05:00:00,43.83,0.96,79.22,31.8,normal
A009,2025-11-01 06:00:00,64.2,0.82,94.22,32.67,normal
A009,2025-11-01 07:00:00,46.0,0.51,84.72,31.45,normal
A009,2025-11-01 08:00:00,18.35,1.2,83.13,40.82,normal
A009,2025-11-01 09:00:00,43.54,1.04,97.97,44.53,normal
A009,2025-11-01 10:00:00,76.26,0.79,92.57,31.85,normal
A009,2025-11-01 11:00:00,42.56,1.31,79.66,33.63,normal
A009,2025-11-01 12:00:00,48.99,0.48,82.18,39.27,normal
A009,2025-11-01 13:00:00,45.7,1.15,87.5,33.41,normal
A009,2025-11-01 14:00:00,43.57,1.09,103.0,39.8,normal
A009,2025-11-01 15:00:00,65.12,0.24,83.62,33.79,normal
A009,2025-11-01 16:00:00,44.48,1.01,76.68,40.86,normal
A009,2025-11-01 17:00:00,37.61,0.42,105.98,31.76,normal
A009,2025-11-01 18:00:00,90.0,0.83,101.17,36.16,normal
A009,2025-11-01 19:00:00,205.26,3.69,17.45,73.56,anomalie
A009,2025-11-01 20:00:00,34.01,0.78,109.12,40.82,normal
A009,2025-11-01 21:00:00,54.5,0.88,82.82,43.55,normal
A009,2025-11-01 22:00:00,30.27,1.19,87.23,31.64,normal
A009,2025-11-01 23:00:00,56.16,0.39,85.0,34.69,normal
A009,2025-11-02 00:00:00,58.82,1.09,99.46,40.37,normal
A009,2025-11-02 01:00:00,45.75,0.65,87.21,34.98,normal
A009,2025-11-02 02:00:00,61.78,0.27,97.15,33.83,normal
A009,2025-11-02 03:00:00,58.89,1.23,104.59,41.7,normal
A009,2025-11-02 04:00:00,54.37,0.81,98.73,38.66,normal
A009,2025-11-02 05:00:00,83.66,-0.02,87.86,41.26,normal
A009,2025-11-02 06:00:00,41.65,0.81,101.37,37.0,normal
A009,2025-11-02 07:00:00,74.32,1.29,89.44,36.27,normal
A009,2025-11-02 08:00:00,217.81,2.11,34.5,62.96,anomalie
A009,2025-11-02 09:00:00,65.06,0.71,88.01,37.18,normal
A009,2025-11-02 10:00:00,178.11,1.38,32.24,52.28,anomalie
A009,2025-11-02 11:00:00,54.93,1.12,85.51,38.37,normal
A009,2025-11-02 12:00:00,45.94,0.79,109.53,38.43,normal
A009,2025-11-02 13:00:00,163.79,5.98,24.69,63.64,anomalie
A009,2025-11-02 14:00:00,29.42,1.15,97.32,41.27,normal
A009,2025-11-02 15:00:00,46.1,0.81,80.66,42.4,normal
A009,2025-11-02 16:00:00,55.14,1.17,82.21,31.74,normal
A009,2025-11-02 17:00:00,21.88,0.74,77.35,35.28,normal
A009,2025-11-02 18:00:00,50.8,1.06,85.23,43.39,normal
A009,2025-11-02 19:00:00,30.79,0.49,89.35,48.61,normal
A009,2025-11-02 20:00:00,36.84,0.38,87.8,34.36,normal
A009,2025-11-02 21:00:00,31.13,1.06,89.56,40.44,normal
A009,2025-11-02 22:00:00,14.49,0.91,80.21,35.82,normal
A009,2025-11-02 23:00:00,21.95,0.52,80.96,41.98,normal
A009,2025-11-03 00:00:00,76.3,0.69,81.6,38.44,normal
A009,2025-11-03 01:00:00,45.53,0.3,89.16,33.08,normal
A009,2025-11-03 02:00:00,132.41,4.67,53.34,71.86,anomalie
A009,2025-11-03 03:00:00,39.27,0.59,94.11,37.64,normal
A009,2025-11-03 04:00:00,3.81,5.2,45.23,40.2,anomalie
A009,2025-11-03 05:00:00,15.59,0.89,98.28,38.51,normal
A009,2025-11-03 06:00:00,36.85,1.0,86.15,24.64,normal
A009,2025-11-03 07:00:00,38.34,1.15,87.12,29.85,normal
A009,2025-11-03 08:00:00,58.22,0.4,82.58,34.42,normal
A009,2025-11-03 09:00:00,200.86,5.66,37.07,65.19,anomalie
A009,2025-11-03 10:00:00,67.81,0.51,85.85,31.38,normal
A009,2025-11-03 11:00:00,41.49,0.99,92.02,35.49,normal
A009,2025-11-03 12:00:00,19.02,1.44,87.17,24.87,normal
A009,2025-11-03 13:00:00,81.32,0.67,87.66,39.32,normal
A009,2025-11-03 14:00:00,76.63,0.36,91.4,35.33,normal
A009,2025-11-03 15:00:00,52.12,1.3,98.77,31.33,normal
A009,2025-11-03 16:00:00,30.94,1.15,113.67,33.11,normal
A009,2025-11-03 17:00:00,76.09,0.83,72.3,29.57,normal
A009,2025-11-03 18:00:00,66.6,0.12,87.96,50.59,normal
A009,2025-11-03 19:00:00,30.73,0.8,106.39,40.39,normal
A009,2025-11-03 20:00:00,53.68,1.02,83.72,41.43,normal
A009,2025-11-03 21:00:00,54.78,0.89,84.59,31.13,normal
A009,2025-11-03 22:00:00,60.32,0.67,81.46,31.78,normal
A009,2025-11-03 23:00:00,54.38,1.21,89.89,34.62,normal
A009,2025-11-04 00:00:00,55.04,0.58,100.57,39.83,normal
A009,2025-11-04 01:00:00,56.55,0.92,92.45,32.92,normal
A009,2025-11-04 02:00:00,60.79,1.35,89.17,38.24,normal
A009,2025-11-04 03:00:00,61.32,0.79,90.02,30.94,normal
A009,2025-11-04 04:00:00,148.36,5.57,49.96,54.66,anomalie
A009,2025-11-04 05:00:00,63.09,1.53,94.8,33.6,normal
A009,2025-11-04 06:00:00,63.57,0.73,104.36,31.48,normal
A009,2025-11-04 07:00:00,75.3,0.7,89.19,34.89,normal
A009,2025-11-04 08:00:00,79.5,0.79,102.5,29.72,normal
A009,2025-11-04 09:00:00,48.96,1.37,89.78,39.31,normal
A009,2025-11-04 10:00:00,40.61,0.51,91.22,32.91,normal
A009,2025-11-04 11:00:00,65.43,0.58,78.53,31.16,normal
A009,2025-11-04 12:00:00,43.15,0.9,94.56,19.78,normal
A009,2025-11-04 13:00:00,67.25,0.95,89.58,34.53,normal
A009,2025-11-04 14:00:00,43.25,0.57,92.24,25.27,normal
A009,2025-11-04 15:00:00,71.99,0.56,77.48,30.11,normal
A009,2025-11-04 16:00:00,59.53,0.76,85.45,36.22,normal
A009,2025-11-04 17:00:00,60.53,1.24,86.36,41.08,normal
A009,2025-11-04 18:00:00,94.15,1.02,113.69,41.98,normal
A009,2025-11-04 19:00:00,45.93,0.66,102.11,34.91,normal
A009,2025-11-04 20:00:00,41.01,0.92,98.52,30.45,normal
A009,2025-11-04 21:00:00,30.58,0.55,103.24,30.23,normal
A009,2025-11-04 22:00:00,36.27,0.84,84.97,40.89,normal
A009,2025-11-04 23:00:00,36.85,1.0,92.7,39.47,normal
A009,2025-11-05 00:00:00,38.6,1.0,100.6,32.22,normal
A009,2025-11-05 01:00:00,44.95,1.26,82.14,42.49,normal
A009,2025-11-05 02:00:00,53.13,0.82,86.07,25.45,normal
A009,2025-11-05 03:00:00,68.08,0.84,93.74,39.51,normal
A009,2025-11-05 04:00:00,162.04,3.09,23.2,63.16,anomalie
A009,2025-11-05 05:00:00,53.17,1.39,87.05,41.03,normal
A009,2025-11-05 06:00:00,50.66,0.25,103.89,35.71,normal
A009,2025-11-05 07:00:00,71.11,0.92,98.16,29.71,normal
A009,2025-11-05 08:00:00,44.37,1.01,71.25,40.9,normal
A009,2025-11-05 09:00:00,45.86,0.29,96.33,35.35,normal
A009,2025-11-05 10:00:00,61.73,0.53,89.8,33.76,normal
A009,2025-11-05 11:00:00,57.7,0.27,81.35,32.41,normal
A009,2025-11-05 12:00:00,53.04,0.33,90.4,27.89,normal
A009,2025-11-05 13:00:00,215.53,3.92,36.66,46.85,anomalie
A009,2025-11-05 14:00:00,51.37,1.04,72.19,42.51,normal
A009,2025-11-05 15:00:00,39.06,1.08,87.71,40.84,normal
A009,2025-11-05 16:00:00,43.13,0.94,79.37,40.11,normal
A009,2025-11-05 17:00:00,65.71,0.52,81.79,37.69,normal
A009,2025-11-05 18:00:00,40.75,0.4,83.94,34.84,normal
A009,2025-11-05 19:00:00,35.5,1.15,84.61,25.5,normal
A009,2025-11-05 20:00:00,45.15,0.69,85.79,38.11,normal
A009,2025-11-05 21:00:00,192.74,4.69,54.04,52.34,anomalie
A009,2025-11-05 22:00:00,16.32,0.86,109.19,33.23,normal
A009,2025-11-05 23:00:00,44.6,0.99,98.27,27.44,normal
A009,2025-11-06 00:00:00,53.76,1.04,87.36,31.13,normal
A009,2025-11-06 01:00:00,48.14,0.69,94.92,29.63,normal
A009,2025-11-06 02:00:00,8.39,0.75,107.26,35.61,normal
A009,2025-11-06 03:00:00,47.23,1.0,81.29,34.62,normal
A009,2025-11-06 04:00:00,129.05,3.17,29.61,72.17,anomalie
A009,2025-11-06 05:00:00,53.58,1.34,73.77,30.23,normal
A009,2025-11-06 06:00:00,52.65,0.94,89.27,31.05,normal
A009,2025-11-06 07:00:00,47.21,0.98,87.29,40.71,normal
A009,2025-11-06 08:00:00,68.91,0.98,90.88,32.8,normal
A009,2025-11-06 09:00:00,30.72,0.41,69.51,33.09,normal
A009,2025-11-06 10:00:00,59.15,0.79,97.95,41.75,normal
A009,2025-11-06 11:00:00,266.9,3.75,35.81,53.73,anomalie
A009,2025-11-06 12:00:00,62.83,0.88,103.14,34.92,normal
A009,2025-11-06 13:00:00,47.9,0.64,102.5,30.33,normal
A009,2025-11-06 14:00:00,55.45,0.28,86.42,28.88,normal
A009,2025-11-06 15:00:00,50.77,1.24,93.79,32.05,normal
A009,2025-11-06 16:00:00,38.98,0.38,68.47,34.85,normal
A009,2025-11-06 17:00:00,152.6,4.17,44.09,58.05,anomalie
A009,2025-11-06 18:00:00,59.94,0.55,79.61,39.09,normal
A009,2025-11-06 19:00:00,56.32,1.04,91.16,36.14,normal
A009,2025-11-06 20:00:00,38.67,0.77,104.47,31.7,normal
A009,2025-11-06 21:00:00,64.27,0.29,79.15,33.18,normal
A009,2025-11-06 22:00:00,54.58,0.58,81.02,31.81,normal
A009,2025-11-06 23:00:00,49.34,0.7,89.86,32.91,normal
A009,2025-11-07 00:00:00,37.89,0.68,105.05,29.6,normal
A009,2025-11-07 01:00:00,86.58,1.05,83.57,30.47,normal
A009,2025-11-07 02:00:00,37.95,0.58,117.22,39.22,normal
A009,2025-11-07 03:00:00,57.99,0.46,92.47,41.5,normal
A009,2025-11-07 04:00:00,66.09,0.54,99.65,38.52,normal
A009,2025-11-07 05:00:00,36.89,1.26,86.64,29.39,normal
A009,2025-11-07 06:00:00,18.97,0.83,85.57,35.04,normal
A009,2025-11-07 07:00:00,53.28,1.19,72.35,32.97,normal
A009,2025-11-07 08:00:00,66.56,0.68,89.37,37.41,normal
A009,2025-11-07 09:00:00,46.36,1.14,74.77,36.47,normal
A009,2025-11-07 10:00:00,70.58,0.84,83.27,38.31,normal
A009,2025-11-07 11:00:00,41.41,1.14,69.49,31.59,normal
A009,2025-11-07 12:00:00,55.01,0.71,81.61,31.29,normal
A009,2025-11-07 13:00:00,27.5,0.8,82.29,32.34,normal
A009,2025-11-07 14:00:00,46.77,1.26,99.94,39.51,normal
A009,2025-11-07 15:00:00,41.59,0.64,87.98,43.26,normal
A009,2025-11-07 16:00:00,122.46,6.87,47.51,40.05,anomalie
A009,2025-11-07 17:00:00,65.21,1.0,88.05,37.73,normal
A009,2025-11-07 18:00:00,73.64,0.79,82.73,30.61,normal
A009,2025-11-07 19:00:00,61.3,0.84,95.77,28.85,normal
A009,2025-11-07 20:00:00,39.29,1.15,87.0,28.82,normal
A009,2025-11-07 21:00:00,83.02,0.18,74.54,41.62,normal
A009,2025-11-07 22:00:00,134.66,3.83,21.93,51.66,anomalie
A009,2025-11-07 23:00:00,44.83,0.8,91.03,26.35,normal
A010,2025-11-01 00:00:00,53.15,0.98,97.09,34.3,normal
A010,2025-11-01 01:00:00,44.8,0.72,96.42,44.42,normal
A010,2025-11-01 02:00:00,60.95,1.22,90.22,36.58,normal
A010,2025-11-01 03:00:00,42.02,1.01,97.97,43.17,normal
A010,2025-11-01 04:00:00,28.89,0.41,103.14,38.57,normal
A010,2025-11-01 05:00:00,49.57,0.37,88.78,42.29,normal
A010,2025-11-01 06:00:00,60.41,1.15,98.91,33.98,normal
A010,2025-11-01 07:00:00,62.31,0.53,93.43,36.48,normal
A010,2025-11-01 08:00:00,65.6,0.49,87.72,30.3,normal
A010,2025-11-01 09:00:00,68.12,0.27,112.18,35.29,normal
A010,2025-11-01 10:00:00,161.03,2.43,23.43,70.08,anomalie
A010,2025-11-01 11:00:00,175.02,2.91,54.21,55.23,anomalie
A010,2025-11-01 12:00:00,52.16,0.25,81.66,31.6,normal
A010,2025-11-01 13:00:00,71.31,0.55,68.96,42.47,normal
A010,2025-11-01 14:00:00,58.66,0.75,91.55,33.01,normal
A010,2025-11-01 15:00:00,152.77,4.9,49.42,40.6,anomalie
A010,2025-11-01 16:00:00,64.44,1.15,89.41,33.9,normal
A010,2025-11-01 17:00:00,145.56,2.58,33.41,58.4,anomalie
A010,2025-11-01 18:00:00,53.27,0.55,97.03,34.61,normal
A010,2025-11-01 19:00:00,24.79,0.65,92.8,39.93,normal
A010,2025-11-01 20:00:00,36.63,0.82,83.49,33.37,normal
A010,2025-11-01 21:00:00,61.76,0.91,77.36,39.84,normal
A010,2025-11-01 22:00:00,31.91,0.53,61.5,37.72,normal
A010,2025-11-01 23:00:00,34.56,1.27,83.13,32.44,normal
A010,2025-11-02 00:00:00,62.9,1.04,78.45,38.63,normal
A010,2025-11-02 01:00:00,40.94,1.61,85.09,49.93,normal
A010,2025-11-02 02:00:00,162.49,5.27,18.87,56.29,anomalie
A010,2025-11-02 03:00:00,49.05,0.39,75.84,41.51,normal
A010,2025-11-02 04:00:00,58.77,0.72,91.67,40.3,normal
A010,2025-11-02 05:00:00,46.89,1.2,86.68,24.95,normal
A010,2025-11-02 06:00:00,29.9,0.65,75.12,29.37,normal
A010,2025-11-02 07:00:00,42.13,1.52,102.55,38.43,normal
A010,2025-11-02 08:00:00,55.03,0.97,87.88,37.71,normal
A010,2025-11-02 09:00:00,169.79,2.2,40.8,44.34,anomalie
A010,2025-11-02 10:00:00,69.66,1.15,77.43,41.45,normal
A010,2025-11-02 11:00:00,57.88,0.28,86.16,32.49,normal
A010,2025-11-02 12:00:00,59.12,1.2,88.25,41.8,normal
A010,2025-11-02 13:00:00,60.35,0.05,63.01,29.11,normal
A010,2025-11-02 14:00:00,20.42,0.89,75.56,37.22,normal
A010,2025-11-02 15:00:00,69.72,1.13,90.23,43.27,normal
A010,2025-11-02 16:00:00,113.83,5.21,36.91,45.66,anomalie
A010,2025-11-02 17:00:00,42.28,0.8,105.05,38.91,normal
A010,2025-11-02 18:00:00,38.3,1.02,84.41,32.7,normal
A010,2025-11-02 19:00:00,54.43,0.89,103.39,26.2,normal
A010,2025-11-02 20:00:00,40.18,0.65,90.8,36.6,normal
A010,2025-11-02 21:00:00,68.96,0.5,82.71,30.77,normal
A010,2025-11-02 22:00:00,84.52,2.15,39.73,59.87,anomalie
A010,2025-11-02 23:00:00,56.89,0.71,86.38,35.93,normal
A010,2025-11-03 00:00:00,68.14,0.79,106.39,39.54,normal
A010,2025-11-03 01:00:00,132.42,2.0,36.03,54.81,anomalie
A010,2025-11-03 02:00:00,49.5,0.65,88.28,38.57,normal
A010,2025-11-03 03:00:00,60.17,1.0,101.52,35.31,normal
A010,2025-11-03 04:00:00,45.68,0.93,88.86,34.72,normal
A010,2025-11-03 05:00:00,28.38,0.67,93.11,33.96,normal
A010,2025-11-03 06:00:00,81.81,1.09,66.15,32.17,normal
A010,2025-11-03 07:00:00,46.71,0.5,89.74,24.19,normal
A010,2025-11-03 08:00:00,32.87,0.82,73.75,35.41,normal
A010,2025-11-03 09:00:00,78.88,0.47,99.14,40.8,normal
A010,2025-11-03 10:00:00,26.7,0.38,89.16,46.27,normal
A010,2025-11-03 11:00:00,49.08,0.82,93.43,30.22,normal
A010,2025-11-03 12:00:00,64.3,1.04,83.71,31.47,normal
A010,2025-11-03 13:00:00,42.03,0.53,80.92,32.62,normal
A010,2025-11-03 14:00:00,41.93,0.94,90.79,33.56,normal
A010,2025-11-03 15:00:00,38.31,0.7,98.65,35.75,normal
A010,2025-11-03 16:00:00,27.45,1.1,81.19,35.45,normal
A010,2025-11-03 17:00:00,77.15,0.92,84.03,37.83,normal
A010,2025-11-03 18:00:00,18.91,0.85,89.17,40.68,normal
A010,2025-11-03 19:00:00,71.59,0.93,99.74,32.54,normal
A010,2025-11-03 20:00:00,28.12,0.87,70.15,33.66,normal
A010,2025-11-03 21:00:00,59.91,0.76,90.31,34.13,normal
A010,2025-11-03 22:00:00,67.3,1.15,94.36,35.83,normal
A010,2025-11-03 23:00:00,49.45,0.62,73.84,30.66,normal
A010,2025-11-04 00:00:00,32.64,0.21,89.62,39.09,normal
A010,2025-11-04 01:00:00,43.26,1.12,70.73,27.59,normal
A010,2025-11-04 02:00:00,36.67,0.75,79.86,36.69,normal
A010,2025-11-04 03:00:00,47.26,1.41,85.75,34.34,normal
A010,2025-11-04 04:00:00,63.19,0.52,88.18,36.41,normal
A010,2025-11-04 05:00:00,51.5,0.74,71.88,48.15,normal
A010,2025-11-04 06:00:00,36.37,0.98,73.83,36.73,normal
A010,2025-11-04 07:00:00,42.59,0.36,89.49,27.09,normal
A010,2025-11-04 08:00:00,59.42,1.3,92.64,32.21,normal
A010,2025-11-04 09:00:00,39.67,1.04,71.88,29.98,normal
A010,2025-11-04 10:00:00,52.73,0.49,94.36,31.19,normal
A010,2025-11-04 11:00:00,42.37,-0.04,90.39,38.94,normal
A010,2025-11-04 12:00:00,76.19,1.02,82.47,34.43,normal
A010,2025-11-04 13:00:00,37.88,0.73,98.76,36.54,normal
A010,2025-11-04 14:00:00,42.94,1.14,106.0,42.64,normal
A010,2025-11-04 15:00:00,50.11,1.08,90.99,34.96,normal
A010,2025-11-04 16:00:00,50.81,0.4,95.57,38.16,normal
A010,2025-11-04 17:00:00,34.81,1.06,86.86,33.7,normal
A010,2025-11-04 18:00:00,180.19,4.97,44.27,70.41,anomalie
A010,2025-11-04 19:00:00,30.55,0.79,82.37,32.53,normal
A010,2025-11-04 20:00:00,59.18,0.33,79.22,36.72,normal
A010,2025-11-04 21:00:00,39.75,1.02,93.0,34.28,normal
A010,2025-11-04 22:00:00,42.4,0.87,104.85,24.76,normal
A010,2025-11-04 23:00:00,82.51,0.47,100.99,31.62,normal
A010,2025-11-05 00:00:00,63.82,0.66,85.67,45.93,normal
A010,2025-11-05 01:00:00,29.17,0.53,58.83,35.26,normal
A010,2025-11-05 02:00:00,65.84,1.04,99.14,30.06,normal
A010,2025-11-05 03:00:00,45.91,1.4,73.64,33.65,normal
A010,2025-11-05 04:00:00,50.3,0.68,123.77,38.38,normal
A010,2025-11-05 05:00:00,33.56,0.23,101.7,32.27,normal
A010,2025-11-05 06:00:00,66.83,0.87,86.77,36.34,normal
A010,2025-11-05 07:00:00,23.73,0.63,89.82,31.76,normal
A010,2025-11-05 08:00:00,231.27,1.45,47.42,62.88,anomalie
A010,2025-11-05 09:00:00,33.02,0.56,93.11,29.98,normal
A010,2025-11-05 10:00:00,86.9,1.03,81.36,40.68,normal
A010,2025-11-05 11:00:00,27.19,0.14,108.42,35.56,normal
A010,2025-11-05 12:00:00,52.27,0.49,83.66,25.47,normal
A010,2025-11-05 13:00:00,85.75,0.77,106.67,36.54,normal
A010,2025-11-05 14:00:00,79.61,0.91,88.13,40.16,normal
A010,2025-11-05 15:00:00,56.88,1.24,91.28,32.04,normal
A010,2025-11-05 16:00:00,40.38,0.72,80.97,48.49,normal
A010,2025-11-05 17:00:00,71.73,1.01,92.86,35.94,normal
A010,2025-11-05 18:00:00,37.62,0.65,69.9,28.38,normal
A010,2025-11-05 19:00:00,72.77,0.95,80.31,35.12,normal
A010,2025-11-05 20:00:00,47.6,0.73,90.57,34.38,normal
A010,2025-11-05 21:00:00,61.2,0.77,107.62,41.12,normal
A010,2025-11-05 22:00:00,35.45,0.39,91.49,34.14,normal
A010,2025-11-05 23:00:00,49.78,0.88,104.01,47.67,normal
A010,2025-11-06 00:00:00,44.35,0.89,95.84,41.42,normal
A010,2025-11-06 01:00:00,59.18,0.67,94.37,44.16,normal
A010,2025-11-06 02:00:00,49.15,0.53,84.36,32.04,normal
A010,2025-11-06 03:00:00,47.19,1.04,95.89,29.21,normal
A010,2025-11-06 04:00:00,58.53,0.91,106.26,36.18,normal
A010,2025-11-06 05:00:00,32.52,0.32,97.81,35.1,normal
A010,2025-11-06 06:00:00,47.24,0.74,76.36,30.36,normal
A010,2025-11-06 07:00:00,64.89,0.94,75.42,35.63,normal
A010,2025-11-06 08:00:00,74.45,0.91,84.11,28.73,normal
A010,2025-11-06 09:00:00,48.99,0.97,98.11,39.13,normal
A010,2025-11-06 10:00:00,63.88,0.85,96.76,34.81,normal
A010,2025-11-06 11:00:00,56.65,0.85,93.29,36.56,normal
A010,2025-11-06 12:00:00,59.38,0.75,103.52,23.18,normal
A010,2025-11-06 13:00:00,32.65,1.56,111.19,28.38,normal
A010,2025-11-06 14:00:00,41.33,0.89,89.35,35.46,normal
A010,2025-11-06 15:00:00,56.72,0.9,77.98,37.2,normal
A010,2025-11-06 16:00:00,59.2,0.79,98.3,30.47,normal
A010,2025-11-06 17:00:00,172.03,0.89,54.28,51.76,anomalie
A010,2025-11-06 18:00:00,49.64,0.95,82.04,42.0,normal
A010,2025-11-06 19:00:00,31.57,0.74,107.7,41.24,normal
A010,2025-11-06 20:00:00,38.2,0.9,72.44,37.27,normal
A010,2025-11-06 21:00:00,61.68,0.46,90.53,27.13,normal
A010,2025-11-06 22:00:00,37.03,1.28,82.5,24.19,normal
A010,2025-11-06 23:00:00,29.04,1.21,94.36,38.0,normal
A010,2025-11-07 00:00:00,31.87,0.63,89.24,42.69,normal
A010,2025-11-07 01:00:00,43.0,0.67,82.95,38.61,normal
A010,2025-11-07 02:00:00,83.21,0.4,86.78,34.84,normal
A010,2025-11-07 03:00:00,67.08,1.43,80.29,37.12,normal
A010,2025-11-07 04:00:00,164.91,2.98,29.85,51.17,anomalie
A010,2025-11-07 05:00:00,67.94,1.34,87.37,24.03,normal
A010,2025-11-07 06:00:00,78.43,0.72,76.28,33.47,normal
A010,2025-11-07 07:00:00,61.69,1.0,98.52,35.02,normal
A010,2025-11-07 08:00:00,43.52,0.87,80.73,41.44,normal
A010,2025-11-07 09:00:00,65.5,0.64,88.43,34.11,normal
A010,2025-11-07 10:00:00,23.83,0.48,86.76,36.06,normal
A010,2025-11-07 11:00:00,46.15,0.65,102.79,32.05,normal
A010,2025-11-07 12:00:00,68.99,1.01,96.39,43.49,normal
A010,2025-11-07 13:00:00,139.5,3.36,41.98,32.7,anomalie
A010,2025-11-07 14:00:00,51.22,1.15,85.65,33.44,normal
A010,2025-11-07 15:00:00,50.69,0.29,90.76,37.35,normal
A010,2025-11-07 16:00:00,44.71,1.44,89.06,40.82,normal
A010,2025-11-07 17:00:00,39.51,0.68,92.67,40.43,normal
A010,2025-11-07 18:00:00,14.68,0.81,102.3,37.64,normal
A010,2025-11-07 19:00:00,76.5,0.94,92.5,33.55,normal
A010,2025-11-07 20:00:00,188.39,2.87,45.21,46.98,anomalie
A010,2025-11-07 21:00:00,41.04,0.75,102.59,44.03,normal
A010,2025-11-07 22:00:00,46.01,0.97,108.64,24.29,normal
A010,2025-11-07 23:00:00,47.29,0.99,88.05,31.37,normal
